"",Unnamed: 0,target_user_id,twitter_handle,fib_index,total_reshares,Source,Type,Domain,Rating,Score,Country,Language,followers
0,0,1002361483169226752,TrialsiteN,NaN,NaN,https://twitter.com/TrialsiteN,TWITTER,trialsitenews.com,N,30.0,US,en,13042.0
1,1,1006268732560289792,CaliforniaGlobe,NaN,NaN,https://twitter.com/californiaglobe,TWITTER,californiaglobe.com,N,35.0,US,en,38604.0
2,2,100731315,ActualidadRT,NaN,NaN,https://twitter.com/ActualidadRT,TWITTER,actualidad.rt.com,N,0.0,US,en,3515994.0
3,3,1008376462506971136,FL_Daily,NaN,NaN,https://twitter.com/fl_daily,TWITTER,floridadaily.com,N,44.5,US,en,1101.0
4,4,101395336,homenaturalcure,NaN,NaN,https://twitter.com/homenaturalcure,TWITTER,homenaturalcures.com,N,35.0,US,en,1251.0
5,5,1018425398869282817,Electroversenet,NaN,NaN,https://twitter.com/Electroversenet,TWITTER,electroverse.co,N,25.0,US,en,28381.0
6,6,1019946132368216064,IA_Journal_,NaN,NaN,https://twitter.com/IA_Journal_,TWITTER,en.interaffairs.ru,N,32.5,US,en,950.0
7,7,1021138925773938689,TheOhioStar,NaN,NaN,https://twitter.com/TheOhioStar,TWITTER,theconnecticutstar.com,N,40.0,US,en,1418.0
8,8,1021461090671030272,SaltyCracker9,62.0,8582.0,NaN,NaN,NaN,NaN,NaN,NaN,NaN,NaN
9,9,1021549421610377217,ConsPolToday,NaN,NaN,https://twitter.com/conspoltoday,TWITTER,conservativepolitics2day.com,N,50.0,US,en,6153.0
10,10,1029527676833419265,TheMichiganStar,NaN,NaN,https://twitter.com/themichiganstar,TWITTER,theconnecticutstar.com,N,40.0,US,en,19.0
11,11,1031747223569227776,DarrenJBeattie,57.0,16908.0,NaN,NaN,NaN,NaN,NaN,NaN,NaN,NaN
12,12,1035750989607841793,TheMinnesotaSun,NaN,NaN,https://twitter.com/TheMinnesotaSun,TWITTER,theconnecticutstar.com,N,40.0,US,en,200.0
13,13,1038972096,MehrnewsCom,NaN,NaN,https://twitter.com/MehrnewsCom,TWITTER,en.mehrnews.com,N,5.0,US,en,24196.0
14,14,1041939506084044800,heiankyo_327,32.0,6290.0,NaN,NaN,NaN,NaN,NaN,NaN,NaN,NaN
15,15,1042447153170309120,QNationUS,NaN,NaN,https://x.com/QNationUS?s=20,TWITTER,qnation.us,N,20.0,US,en,19.0
16,16,1043097751,RonPaulInstitut,NaN,NaN,https://twitter.com/RonPaulInstitut,TWITTER,ronpaulinstitute.org,N,30.0,US,en,79384.0
17,17,1043185714437992449,catturd2,139.0,340425.0,NaN,NaN,NaN,NaN,NaN,NaN,NaN,NaN
18,18,1045872810038419457,ChinaDailyUSA,NaN,NaN,https://twitter.com/ChinaDailyUSA,TWITTER,chinadaily.com.cn,N,44.5,US,en,2106.0
19,19,1046311936944558082,OopstopC,NaN,NaN,https://twitter.com/oopstopc,TWITTER,oopstop.com,N,7.5,US,en,5.0
20,20,1056630339995648000,AliciaFixLuke,NaN,NaN,https://twitter.com/AliciaFixLuke,TWITTER,bb4sp.com,N,37.5,US,en,5988.0
21,21,1060579035170959360,griptmedia,69.0,20599.0,NaN,NaN,NaN,NaN,NaN,NaN,NaN,NaN
22,22,1062413857,catholic_proud,NaN,NaN,https://twitter.com/catholic_proud,TWITTER,catholicsay.com,N,57.0,US,en,4661.0
23,23,106393496,russiabeyond,NaN,NaN,https://x.com/russiabeyond?s=20,TWITTER,rbth.com,N,54.5,US,en,32710.0
24,24,1067792857111642113,LWCnewswire,NaN,NaN,https://twitter.com/LWCnewswire,TWITTER,louderwithcrowder.com,N,32.0,US,en,58489.0
25,25,1070137173054291968,Evie_Magazine,NaN,NaN,https://twitter.com/evie_magazine,TWITTER,eviemagazine.com,N,12.5,US,en,38736.0
26,26,1074480192,SenTedCruz,39.0,15827.0,NaN,NaN,NaN,NaN,NaN,NaN,NaN,NaN
27,27,10774652,theblaze,44.0,8760.0,https://www.twitter.com/TheBlaze,TWITTER,theblaze.com,N,49.5,US,en,959981.0
28,28,1081701842470367232,CitizensJourn,NaN,NaN,https://twitter.com/CitizensJourn,TWITTER,citizensjournal.us,N,7.5,US,en,660.0
29,29,1082197856,KariLake,48.0,138588.0,NaN,NaN,NaN,NaN,NaN,NaN,NaN,NaN
30,30,1085225533623783424,KanekoaTheGreat,38.0,113215.0,NaN,NaN,NaN,NaN,NaN,NaN,NaN,NaN
31,31,1092538332981219328,VozWire,NaN,NaN,https://twitter.com/vozwire,TWITTER,vozwire.com,N,55.0,US,en,181.0
32,32,109398997,stopvaccinating,NaN,NaN,https://x.com/stopvaccinating?s=20,TWITTER,stopmandatoryvaccination.com,N,22.5,US,en,57496.0
33,33,109579534,EliseStefanik,41.0,15007.0,NaN,NaN,NaN,NaN,NaN,NaN,NaN,NaN
34,34,109640315,infolibnews,NaN,NaN,https://www.twitter.com/infolibnews,TWITTER,informationliberation.com,N,39.5,US,en,5903.0
35,35,1098091506886471680,laralogan,100.0,110564.0,NaN,NaN,NaN,NaN,NaN,NaN,NaN,NaN
36,36,1103351392285147136,vadogwoodnews,NaN,NaN,https://www.twitter.com/vadogwoodnews,TWITTER,vadogwood.com,N,57.0,US,en,7422.0
38,38,1115874631,CGTNOfficial,NaN,NaN,https://twitter.com/CGTNOfficial,TWITTER,cgtn.com,N,44.5,US,en,12975019.0
39,39,111704438,FocusFamily,NaN,NaN,https://twitter.com/FocusFamily,TWITTER,focusonthefamily.com,N,57.0,US,en,109433.0
40,40,1119671338594177024,DisrnNews,NaN,NaN,https://twitter.com/DisrnNews,TWITTER,disrn.com,N,57.0,US,en,14565.0
41,41,1121554471,swati_gs,65.0,26860.0,NaN,NaN,NaN,NaN,NaN,NaN,NaN,NaN
42,42,1125693852063498241,JimFergusonUK,42.0,37905.0,NaN,NaN,NaN,NaN,NaN,NaN,NaN,NaN
43,43,112902058,InvestWatchBlog,NaN,NaN,https://twitter.com/InvestWatchBlog,TWITTER,investmentwatchblog.com,N,32.0,US,en,3434.0
44,44,1129386732,Intl_Highlife,NaN,NaN,https://www.twitter.com/intl_highlife,TWITTER,internationalhighlife.com,N,39.5,US,en,341976.0
45,45,1133847556516122634,AlachuaChronic1,NaN,NaN,https://twitter.com/alachuachronic1,TWITTER,alachuachronicle.com,N,52.0,US,en,1041.0
46,46,1137638220,thegailygrind,NaN,NaN,https://twitter.com/thegailygrind,TWITTER,thegailygrind.com,N,57.5,US,en,13742.0
47,47,1137844959296593921,tampafreepress,NaN,NaN,https://twitter.com/tampafreepress,TWITTER,tampafp.com,N,57.0,US,en,3642.0
48,48,1147253398670102529,UncoverDC,NaN,NaN,https://twitter.com/UncoverDC,TWITTER,uncoverdc.com,N,27.5,US,en,93090.0
49,49,114807372,DrChrisNorthrup,NaN,NaN,https://twitter.com/drchrisnorthrup,TWITTER,drnorthrup.com,N,35.0,US,en,125391.0
50,50,1151261114384171008,NationalFile,NaN,NaN,https://twitter.com/nationalfile,TWITTER,nationalfile.com,N,10.0,US,en,42475.0
51,51,1153325872084074496,CopperCourier,NaN,NaN,https://twitter.com/CopperCourier,TWITTER,coppercourier.com,N,57.0,US,en,2987.0
52,52,1158740854787465217,standforhealth1,NaN,NaN,https://x.com/standforhealth1?s=20,TWITTER,standforhealthfreedom.com,N,20.0,US,en,4430.0
53,53,11622712,JDRucker,NaN,NaN,https://twitter.com/jdrucker,TWITTER,americafirstreport.com,N,20.0,US,en,115531.0
54,54,1163992520252153857,mikepompeo,38.0,18503.0,NaN,NaN,NaN,NaN,NaN,NaN,NaN,NaN
55,55,1175422255662153728,EntTofu,31.0,7498.0,NaN,NaN,NaN,NaN,NaN,NaN,NaN,NaN
56,56,1177386633764790273,TTAVOfficial,NaN,NaN,https://twitter.com/TTAVOfficial,TWITTER,thetruthaboutvaccines.com,N,12.5,US,en,30390.0
57,57,117810351,WSWS_Updates,NaN,NaN,https://twitter.com/WSWS_Updates,TWITTER,wsws.org,N,7.5,US,en,48088.0
58,58,1181334463550283777,MiMighty,NaN,NaN,https://twitter.com/MiMighty,TWITTER,mightymichigan.com,N,39.5,US,en,118.0
59,59,1182332284403376128,TheFirstonTV,NaN,NaN,https://twitter.com/TheFirstonTV,TWITTER,thefirsttv.com,N,52.0,US,en,81492.0
60,60,1182375584229249024,PoliTribune,NaN,NaN,https://twitter.com/PoliTribune/,TWITTER,polinews.org,N,49.5,US,en,5881.0
61,61,118845216,SheriffClarke,33.0,10467.0,NaN,NaN,NaN,NaN,NaN,NaN,NaN,NaN
62,62,1192856031069528064,MagaVoter,NaN,NaN,https://twitter.com/MAGAVoter,TWITTER,magavoter.com,N,47.0,US,en,6.0
63,63,1193823126309818368,TonyClimate,39.0,7782.0,NaN,NaN,NaN,NaN,NaN,NaN,NaN,NaN
64,64,1194770389634895873,BonginoReport,243.0,205742.0,NaN,NaN,NaN,NaN,NaN,NaN,NaN,NaN
65,65,1196113311596572672,daywithshua,44.0,20732.0,NaN,NaN,NaN,NaN,NaN,NaN,NaN,NaN
66,66,1198616515488169985,TheTentacle1,NaN,NaN,https://twitter.com/TheTentacle1,TWITTER,thetentacle.com,N,25.0,US,en,123.0
67,67,1199400063086272513,LancasterCouri1,NaN,NaN,https://www.twitter.com/lancastercouri1,TWITTER,lancastercourier.com,N,52.5,US,en,25.0
68,68,1202282198793117696,Trend_Politics,NaN,NaN,https://twitter.com/Trend_Politics,TWITTER,trendingpolitics.com,N,39.5,US,en,3213.0
69,69,1204828671896379397,UpNorthNewsWI,NaN,NaN,https://twitter.com/upnorthnewswi,TWITTER,upnorthnewswi.com,N,57.0,US,en,5097.0
70,70,1205501409971580928,americanoreport,NaN,NaN,https://twitter.com/americanoreport,TWITTER,theamericanonews.com,N,57.0,US,en,3001.0
71,71,1207325984296493056,Virginia_Works,NaN,NaN,https://twitter.com/Virginia_Works,TWITTER,virginiaworks.org,N,39.5,US,en,4.0
72,72,1209936918,OANN,105.0,52085.0,https://www.twitter.com/oann,TWITTER,oann.com,N,25.0,US,en,2085799.0
73,73,1212492798806482945,GlockfordFiles,31.0,4334.0,NaN,NaN,NaN,NaN,NaN,NaN,NaN,NaN
74,74,1212806053907185664,TheLeoTerrell,38.0,10790.0,NaN,NaN,NaN,NaN,NaN,NaN,NaN,NaN
75,75,1214911363971190784,TheKeystone,NaN,NaN,https://twitter.com/thekeystone,TWITTER,keystonenewsroom.com,N,57.0,US,en,4955.0
76,76,1214914228714430465,GanderNewsroom,NaN,NaN,https://twitter.com/GanderNewsroom,TWITTER,gandernewsroom.com,N,57.0,US,en,5237.0
77,77,1214915432043483142,CardinalAndPine,NaN,NaN,https://twitter.com/cardinalandpine,TWITTER,cardinalpine.com,N,57.0,US,en,6807.0
78,78,1216793092134723586,JustTheNews,48.0,29037.0,NaN,NaN,NaN,NaN,NaN,NaN,NaN,NaN
79,79,1222939896349970432,revistaoeste,42.0,21615.0,NaN,NaN,NaN,NaN,NaN,NaN,NaN,NaN
81,81,1227773808033116161,thelibertyloft,NaN,NaN,https://twitter.com/thelibertyloft,TWITTER,thelibertyloft.com,N,17.5,US,en,1075.0
82,82,1239369126658760704,jenmong23,32.0,14807.0,NaN,NaN,NaN,NaN,NaN,NaN,NaN,NaN
83,83,123975474,jonrappoport,NaN,NaN,https://www.twitter.com/jonrappoport,TWITTER,nomorefakenews.com,N,17.5,US,en,81491.0
84,84,1246619413987471360,thelatribune,NaN,NaN,https://twitter.com/thelatribune,TWITTER,thelosangelestribune.com,N,52.0,US,en,53.0
85,85,1247535087886823427,CRBeyond,NaN,NaN,https://twitter.com/CRBeyond,TWITTER,consciousreminder.com,N,42.0,US,en,44.0
86,86,125128723,RaheemKassam,58.0,11493.0,NaN,NaN,NaN,NaN,NaN,NaN,NaN,NaN
87,87,12524522,mercola,NaN,NaN,https://twitter.com/mercola,TWITTER,mercola.com,N,25.0,US,en,415045.0
88,88,1254822389981970435,freedomfirstnet,NaN,NaN,https://twitter.com/freedomfirstnet,TWITTER,freedomfirstnetwork.com,N,12.5,US,en,11065.0
89,89,1255176009764294656,Covid19Critical,NaN,NaN,https://twitter.com/Covid19Critical,TWITTER,covid19criticalcare.com,N,17.5,US,en,237316.0
90,90,1256287772144332800,SheldonRothMD1,41.0,7705.0,NaN,NaN,NaN,NaN,NaN,NaN,NaN,NaN
91,91,1256921941933535232,PanData19,NaN,NaN,https://twitter.com/PanData19/,TWITTER,pandata.org,N,40.0,US,en,53133.0
92,92,1258102233205481473,theraginpatriot,NaN,NaN,https://twitter.com/theraginpatriot,TWITTER,theragingpatriot.org,N,34.5,US,en,7608.0
93,93,1262840135659503619,HIT_Evidence,NaN,NaN,https://twitter.com/HIT_Evidence,TWITTER,hereistheevidence.com,N,7.5,US,en,1999.0
94,94,1264680484459724802,TheEXECUTlONER_,32.0,9579.0,NaN,NaN,NaN,NaN,NaN,NaN,NaN,NaN
95,95,1265323694173413378,RespectNH,NaN,NaN,https://twitter.com/RespectNH,TWITTER,respectnh.com,N,52.0,US,en,29.0
96,96,1267121558067326977,Dover63A,37.0,11870.0,NaN,NaN,NaN,NaN,NaN,NaN,NaN,NaN
97,97,1268382058432221186,CovidAnalysis,NaN,NaN,https://twitter.com/CovidAnalysis,TWITTER,c19early.com,N,39.5,US,en,9231.0
98,98,1269362727216168964,DrCraigRoberts,NaN,NaN,https://twitter.com/drcraigroberts,TWITTER,paulcraigroberts.org,N,12.5,US,en,4127.0
99,99,1275093660804222977,AriseOhio,NaN,NaN,https://twitter.com/AriseOhio,TWITTER,ariseohio.com,N,39.5,US,en,13.0
100,100,1279354572,kellybroganmd,NaN,NaN,https://twitter.com/KellyBroganMD,TWITTER,kellybroganmd.com,N,12.5,US,en,19399.0
101,101,1280883036213706763,BobMalandrin,54.0,20446.0,NaN,NaN,NaN,NaN,NaN,NaN,NaN,NaN
102,102,1283500466022875137,davidjsorensen,NaN,NaN,https://x.com/davidjsorensen?s=20,TWITTER,stopworldcontrol.com,N,20.0,US,en,4627.0
103,103,1284584906857877506,thehealthguy,NaN,NaN,https://twitter.com/thehealthguy,TWITTER,naturalhealth365.com,N,7.5,US,en,11.0
104,104,1285653600329510914,patriotproj,NaN,NaN,https://twitter.com/patriotproj,TWITTER,patriotproject.com,N,44.5,US,en,581.0
105,105,1288319695658135552,realstewpeters,33.0,61303.0,NaN,NaN,NaN,NaN,NaN,NaN,NaN,NaN
106,106,1289317799181991937,TheVAStar,NaN,NaN,https://twitter.com/TheVAStar,TWITTER,theconnecticutstar.com,N,40.0,US,en,883.0
107,107,129019194,TruNews,NaN,NaN,https://www.twitter.com/trunews,TWITTER,trunews.com,N,20.0,US,en,63634.0
108,108,1293905531065647116,Rational_Ground,NaN,NaN,https://twitter.com/rational_ground,TWITTER,rationalground.com,N,30.0,US,en,15544.0
109,109,1295405245011460096,MayadeenEnglish,NaN,NaN,https://twitter.com/MayadeenEnglish,TWITTER,english.almayadeen.net,N,30.0,US,en,49472.0
110,110,129571843,RealKyleMorris,33.0,6213.0,NaN,NaN,NaN,NaN,NaN,NaN,NaN,NaN
111,111,1297154054,herbhealthhappy,NaN,NaN,https://twitter.com/herbhealthhappy?lang=en,TWITTER,herbshealthhappiness.com,N,22.5,US,en,2287.0
112,112,1311016569967796224,standup_fl,NaN,NaN,https://twitter.com/standup_fl,TWITTER,standupflorida.org,N,39.5,US,en,5.0
113,113,131249283,GatestoneInst,NaN,NaN,https://www.twitter.com/GatestoneInst,TWITTER,gatestoneinstitute.org,N,57.0,US,en,37009.0
114,114,131294264,SteveRotter,NaN,NaN,https://x.com/SteveRotter?s=20,TWITTER,steverotter.com,N,7.5,US,en,97.0
115,115,1316512549932859392,ColoradoHerald,NaN,NaN,https://twitter.com/ColoradoHerald,TWITTER,thecoloradoherald.com,N,7.5,US,en,220.0
116,116,1317473581476052993,S1lzF6u0WSo0BzD,60.0,10029.0,NaN,NaN,NaN,NaN,NaN,NaN,NaN,NaN
117,117,1321227185852719104,MillionsAgainst,NaN,NaN,https://twitter.com/MillionsAgainst,TWITTER,mamm.org,N,30.0,US,en,1081.0
118,118,1327390225664864256,GeorgiaStarNews,NaN,NaN,https://twitter.com/GeorgiaStarNews,TWITTER,theconnecticutstar.com,N,40.0,US,en,946.0
119,119,1328396356910673920,woainewofficial,44.0,16889.0,NaN,NaN,NaN,NaN,NaN,NaN,NaN,NaN
120,120,1328486920477831169,PressPopulist,NaN,NaN,https://x.com/PressPopulist?s=20,TWITTER,politicalsignal.com,N,0.0,US,en,993.0
121,121,1329195462398603264,NewsSurvive,NaN,NaN,https://x.com/NewsSurvive?s=20,TWITTER,survivethenews.com,N,0.0,US,en,128.0
122,122,1330565616936345601,LD_Sceptics,33.0,5108.0,NaN,NaN,NaN,NaN,NaN,NaN,NaN,NaN
123,123,1330938379006042112,UW_Inter,NaN,NaN,https://twitter.com/UW_Inter,TWITTER,uwidata.com,N,20.0,US,en,10002.0
124,124,1335569586951950342,RealGeorgeWebb1,38.0,3814.0,NaN,NaN,NaN,NaN,NaN,NaN,NaN,NaN
125,125,1335753957998796801,ThePatsGazette,NaN,NaN,https://twitter.com/thepatsgazette,TWITTER,patriotsgazette.com,N,52.0,US,en,14005.0
126,126,1337213656992526336,IndyBeginsAt220,36.0,2793.0,NaN,NaN,NaN,NaN,NaN,NaN,NaN,NaN
127,127,1338580797977210880,NewsBecker,NaN,NaN,https://twitter.com/NewsBecker,TWITTER,beckernews.com,N,25.0,US,en,23497.0
128,128,1339250806843850752,Baoliaogeming64,32.0,4475.0,NaN,NaN,NaN,NaN,NaN,NaN,NaN,NaN
129,129,1340712447796113408,patrick_THFC,40.0,34177.0,NaN,NaN,NaN,NaN,NaN,NaN,NaN,NaN
130,130,1344356576786866176,RepMTG,44.0,168855.0,NaN,NaN,NaN,NaN,NaN,NaN,NaN,NaN
131,131,134555743,OneGreenPlanet,NaN,NaN,https://twitter.com/OneGreenPlanet,TWITTER,onegreenplanet.org,N,40.0,US,en,81508.0
132,132,1346092383658774529,RealRawNews1,NaN,NaN,https://x.com/RealRawNews1?s=20,TWITTER,realrawnews.com,N,7.5,US,en,44065.0
133,133,1347365630601617410,gc22gc,71.0,23462.0,NaN,NaN,NaN,NaN,NaN,NaN,NaN,NaN
134,134,1358085883824640000,MaldonDonmal,87.0,23189.0,NaN,NaN,NaN,NaN,NaN,NaN,NaN,NaN
135,135,1359114643655036931,Russia_Main,NaN,NaN,https://twitter.com/Russia_Main,TWITTER,ru-main.ru,N,12.5,US,en,12.0
136,136,1361744068066353156,SmilingOutrage,32.0,7170.0,NaN,NaN,NaN,NaN,NaN,NaN,NaN,NaN
137,137,1364528297531506691,yejibyeol,33.0,3245.0,NaN,NaN,NaN,NaN,NaN,NaN,NaN,NaN
138,138,1370259486661767169,IdahoTribune,NaN,NaN,https://twitter.com/IdahoTribune,TWITTER,idahotribune.org,N,52.0,US,en,5522.0
139,139,1370652693430116355,LiuZhangTH,31.0,3465.0,NaN,NaN,NaN,NaN,NaN,NaN,NaN,NaN
140,140,1376613818835460098,flcapitalstar,NaN,NaN,https://twitter.com/flcapitalstar,TWITTER,theconnecticutstar.com,N,40.0,US,en,90.0
141,141,1379418918,TLAVagabond,NaN,NaN,https://twitter.com/TLAVagabond,TWITTER,thelastamericanvagabond.com,N,17.5,US,en,57385.0
142,142,1379904915863134213,ConservRoof,NaN,NaN,https://twitter.com/ConservRoof,TWITTER,conservativeroof.com,N,0.0,US,en,2022.0
143,143,1389360201996832771,PapiTrumpo,37.0,40706.0,NaN,NaN,NaN,NaN,NaN,NaN,NaN,NaN
144,144,1391903682191630338,svtcontents,33.0,4047.0,NaN,NaN,NaN,NaN,NaN,NaN,NaN,NaN
145,145,1393629109314539525,usawirenews,NaN,NaN,https://twitter.com/usawirenews?lang=en,TWITTER,theusawire.com,N,50.0,US,en,453.0
146,146,1394656148884701185,Real_AnTheFacts,53.0,8613.0,NaN,NaN,NaN,NaN,NaN,NaN,NaN,NaN
147,147,1400696309976231941,COVID19Up1,NaN,NaN,https://twitter.com/COVID19Up1,TWITTER,covid19up.org,N,7.5,US,en,9099.0
148,148,1400867111703089154,RagingAmericans,NaN,NaN,https://twitter.com/ragingamericans,TWITTER,ragingamericans.com,N,32.0,US,en,2482.0
149,149,1406055552879370240,brownstoneinst,NaN,NaN,https://twitter.com/brownstoneinst,TWITTER,brownstone.org,N,40.0,US,en,42127.0
150,150,1406695379958001665,TruthForHealth,NaN,NaN,https://twitter.com/TruthForHealth,TWITTER,truthforhealth.org,N,20.0,US,en,2634.0
151,151,1408003598,FDRLST,69.0,21693.0,https://twitter.com/FDRLST,TWITTER,thefederalist.com,N,12.5,US,en,429144.0
153,153,1412429980424830982,TheStarNewsNet,NaN,NaN,https://twitter.com/TheStarNewsNet,TWITTER,theconnecticutstar.com,N,40.0,US,en,457.0
154,154,1412773335738449924,puppyydreamm,55.0,29977.0,NaN,NaN,NaN,NaN,NaN,NaN,NaN,NaN
155,155,1413542899103408135,ThaiLeiMiWulei,32.0,2469.0,NaN,NaN,NaN,NaN,NaN,NaN,NaN,NaN
156,156,141422795,100PercFEDUP,NaN,NaN,https://twitter.com/100percFEDUP,TWITTER,100percentfedup.com,N,0.0,US,en,16964.0
157,157,1415684804339589120,ForLiuYu_TH,31.0,2870.0,NaN,NaN,NaN,NaN,NaN,NaN,NaN,NaN
158,158,1422887886010019845,jamong1323,109.0,89436.0,NaN,NaN,NaN,NaN,NaN,NaN,NaN,NaN
159,159,1426204233079140355,NevadaGlobe,NaN,NaN,https://twitter.com/NevadaGlobe,TWITTER,thenevadaglobe.com,N,57.0,US,en,1669.0
160,160,1428066441572454402,WIDailyStar,NaN,NaN,https://twitter.com/WIDailyStar,TWITTER,theconnecticutstar.com,N,40.0,US,en,63.0
161,161,1428076295007703043,TheRealFrankSp1,NaN,NaN,https://twitter.com/TheRealFrankSp1,TWITTER,frankspeech.com,N,15.0,US,en,4989.0
162,162,1430605174674964480,JDunlap1974,68.0,19288.0,NaN,NaN,NaN,NaN,NaN,NaN,NaN,NaN
163,163,1430772400258441229,Mos_Translators,31.0,2230.0,NaN,NaN,NaN,NaN,NaN,NaN,NaN,NaN
165,165,1431774993419956224,jhmdrei,59.0,54651.0,NaN,NaN,NaN,NaN,NaN,NaN,NaN,NaN
167,167,1435324162868928518,PrPatriotUS,45.0,28253.0,NaN,NaN,NaN,NaN,NaN,NaN,NaN,NaN
168,168,1439846902493638657,patreasure_,39.0,8314.0,NaN,NaN,NaN,NaN,NaN,NaN,NaN,NaN
169,169,1440473945459740676,rightwingalert,NaN,NaN,https://twitter.com/rightwingalert,TWITTER,rightwingtribune.com,N,40.0,US,en,29.0
170,170,1443033661545205760,BrentHane,40.0,3775.0,NaN,NaN,NaN,NaN,NaN,NaN,NaN,NaN
171,171,144367359,NowTheEndBegins,NaN,NaN,https://twitter.com/nowtheendbegins,TWITTER,nowtheendbegins.com,N,10.0,US,en,40858.0
172,172,1445790373381480455,WatchSalemNews,NaN,NaN,https://twitter.com/WatchSalemNews,TWITTER,salemnewschannel.com,N,15.0,US,en,4580.0
173,173,1446231057259433988,DrLoupis,33.0,133088.0,NaN,NaN,NaN,NaN,NaN,NaN,NaN,NaN
174,174,1446465174,akafacehots,60.0,19408.0,NaN,NaN,NaN,NaN,NaN,NaN,NaN,NaN
175,175,1446575772374687745,AZFreeNews,NaN,NaN,https://twitter.com/AZFreeNews,TWITTER,azfreenews.com,N,44.5,US,en,1281.0
176,176,1452046678383632385,Kc_Casey1,36.0,4928.0,NaN,NaN,NaN,NaN,NaN,NaN,NaN,NaN
177,177,1453031999611064323,PADailyStar,NaN,NaN,https://twitter.com/PADailyStar,TWITTER,theconnecticutstar.com,N,40.0,US,en,78.0
178,178,1455464988403920900,Bigbird32392741,37.0,5384.0,NaN,NaN,NaN,NaN,NaN,NaN,NaN,NaN
179,179,14575708,vtforeignpolicy,NaN,NaN,https://x.com/vtforeignpolicy?s=20,TWITTER,vtforeignpolicy.com,N,22.5,US,en,33976.0
180,180,1457796469029842950,matjendav4,39.0,10825.0,NaN,NaN,NaN,NaN,NaN,NaN,NaN,NaN
181,181,1461593994157199360,american_mirror,NaN,NaN,https://twitter.com/American_Mirror,TWITTER,theamericanmirror.com,N,22.0,US,en,37.0
182,182,146208663,freenbeckynews,42.0,6053.0,NaN,NaN,NaN,NaN,NaN,NaN,NaN,NaN
183,183,1463323379537117187,rushlimbaugh,NaN,NaN,https://twitter.com/rushlimbaugh,TWITTER,rushlimbaugh.com,N,12.5,US,en,40.0
184,184,1465347964252180493,P_McCulloughMD,138.0,119704.0,NaN,NaN,NaN,NaN,NaN,NaN,NaN,NaN
185,185,14668648,NaturalSolution,NaN,NaN,https://twitter.com/naturalsolution,TWITTER,naturalsolutionsmag.com,N,37.5,US,en,6580.0
186,186,1466939135357337605,angie_anson,76.0,15417.0,NaN,NaN,NaN,NaN,NaN,NaN,NaN,NaN
187,187,1467482107,MDiplomacyWORLD,NaN,NaN,https://twitter.com/MDiplomacyWORLD,TWITTER,moderndiplomacy.eu,N,12.5,US,en,10792.0
188,188,1472112627853983746,blueskybaiyun2,42.0,7172.0,NaN,NaN,NaN,NaN,NaN,NaN,NaN,NaN
189,189,1473889073077141510,NewsLiveFree,NaN,NaN,https://twitter.com/NewsLiveFree/,TWITTER,newslive.com,N,44.5,US,en,32.0
190,190,1477071867219304449,45LVNancy,33.0,8751.0,NaN,NaN,NaN,NaN,NaN,NaN,NaN,NaN
191,191,147821538,Leafly,NaN,NaN,https://twitter.com/Leafly,TWITTER,leafly.com,N,55.0,US,en,192795.0
192,192,1478792963090169860,healthbyjames,67.0,196248.0,NaN,NaN,NaN,NaN,NaN,NaN,NaN,NaN
193,193,1479176031248465929,SerkanK16508934,31.0,5004.0,NaN,NaN,NaN,NaN,NaN,NaN,NaN,NaN
194,194,147964447,interfax_news,NaN,NaN,https://twitter.com/interfax_news,TWITTER,interfax.com,N,47.0,US,en,575279.0
195,195,1482348076895711232,NineteamsUpdate,40.0,5901.0,NaN,NaN,NaN,NaN,NaN,NaN,NaN,NaN
197,197,1483767977807859720,YEJI_CNFU,32.0,2806.0,NaN,NaN,NaN,NaN,NaN,NaN,NaN,NaN
198,198,1484546520099737604,Robertonuzzoam,60.0,14267.0,NaN,NaN,NaN,NaN,NaN,NaN,NaN,NaN
199,199,14866985,jubals,NaN,NaN,https://twitter.com/jubals,TWITTER,powderedwigsociety.com,N,0.0,US,en,404.0
200,200,1488585899537584128,CartlandDavid,54.0,21562.0,NaN,NaN,NaN,NaN,NaN,NaN,NaN,NaN
201,201,1489396994372157449,USAPat4DJT,34.0,2514.0,NaN,NaN,NaN,NaN,NaN,NaN,NaN,NaN
202,202,1490815280817258496,ValiantNewsLive,NaN,NaN,https://twitter.com/ValiantNewsLive,TWITTER,valiantnews.com,N,42.0,US,en,1650.0
203,203,1491524880323465220,YikesToday,NaN,NaN,https://twitter.com/yikestoday,TWITTER,yikestoday.com,N,22.0,US,en,37.0
204,204,1491820220,REALfarmacy,NaN,NaN,https://twitter.com/realfarmacy,TWITTER,realfarmacy.com,N,12.5,US,en,2482.0
205,205,1492670054541844482,KariLakeWarRoom,54.0,55089.0,NaN,NaN,NaN,NaN,NaN,NaN,NaN,NaN
206,206,1494531504700997633,Fisherlady111,91.0,55646.0,NaN,NaN,NaN,NaN,NaN,NaN,NaN,NaN
207,207,1497004479169712129,ConnecticutStar,NaN,NaN,https://twitter.com/ConnecticutStar,TWITTER,theconnecticutstar.com,N,40.0,US,en,8.0
208,208,1501492520718532618,GTV26543476,62.0,8091.0,NaN,NaN,NaN,NaN,NaN,NaN,NaN,NaN
209,209,1508503638758592515,udreams30,104.0,23357.0,NaN,NaN,NaN,NaN,NaN,NaN,NaN,NaN
210,210,1511210025955561479,LadyConstance8,85.0,18417.0,NaN,NaN,NaN,NaN,NaN,NaN,NaN,NaN
211,211,15115280,PalmerReport,NaN,NaN,https://twitter.com/PalmerReport,TWITTER,palmerreport.com,N,44.5,US,en,527937.0
212,212,1511744969983377410,Ms_Betty_Bop,46.0,4098.0,NaN,NaN,NaN,NaN,NaN,NaN,NaN,NaN
213,213,1511985009015631873,terra_cremada,43.0,19563.0,NaN,NaN,NaN,NaN,NaN,NaN,NaN,NaN
214,214,1517655068232802306,RevolverNewsUSA,NaN,NaN,https://twitter.com/RevolverNewsUSA,TWITTER,revolver.news,N,7.5,US,en,49537.0
215,215,1518719815640395777,AntonioSabatoJr,41.0,45080.0,NaN,NaN,NaN,NaN,NaN,NaN,NaN,NaN
216,216,1518777787213041665,patriot_hammer,38.0,5369.0,NaN,NaN,NaN,NaN,NaN,NaN,NaN,NaN
217,217,1518824903637671936,deSunShineBand,37.0,5311.0,NaN,NaN,NaN,NaN,NaN,NaN,NaN,NaN
218,218,1519009150042206208,redvoicenews,NaN,NaN,https://twitter.com/redvoicenews,TWITTER,redvoicemedia.com,N,32.5,US,en,48176.0
219,219,1519149591052046336,DieHard45RG,65.0,8061.0,NaN,NaN,NaN,NaN,NaN,NaN,NaN,NaN
220,220,1519151532284989440,TonyIannitelli,52.0,6638.0,NaN,NaN,NaN,NaN,NaN,NaN,NaN,NaN
221,221,1519363996050018304,MtnMama406,49.0,9141.0,NaN,NaN,NaN,NaN,NaN,NaN,NaN,NaN
222,222,1519441950335774722,RayJPolitics1,41.0,7142.0,NaN,NaN,NaN,NaN,NaN,NaN,NaN,NaN
223,223,1520130560231981057,Plandemic3Movie,NaN,NaN,https://x.com/Plandemic3Movie?s=20,TWITTER,plandemicseries.com,N,35.0,US,en,188229.0
224,224,1520465227183276034,patriotmary4,41.0,3764.0,NaN,NaN,NaN,NaN,NaN,NaN,NaN,NaN
225,225,15207668,HouseGOP,33.0,5235.0,NaN,NaN,NaN,NaN,NaN,NaN,NaN,NaN
226,226,1520905510093996032,YankeeCowboy24,50.0,9302.0,NaN,NaN,NaN,NaN,NaN,NaN,NaN,NaN
227,227,15212187,bennyjohnson,50.0,78796.0,NaN,NaN,NaN,NaN,NaN,NaN,NaN,NaN
228,228,1522886895226658816,tateflixtv,45.0,5391.0,NaN,NaN,NaN,NaN,NaN,NaN,NaN,NaN
230,230,1527027191552294915,BillEllmore,33.0,23646.0,NaN,NaN,NaN,NaN,NaN,NaN,NaN,NaN
231,231,152747558,medicaldaily,NaN,NaN,https://twitter.com/medicaldaily,TWITTER,medicaldaily.com,N,44.5,US,en,18041.0
232,232,1528943647185678336,LeadingReport,NaN,NaN,https://twitter.com/LeadingReport,TWITTER,theleadingreport.com,N,0.0,US,en,327743.0
233,233,1529411290640302081,ScitechUniverse,NaN,NaN,https://www.twitter.com/SciTechUniverse,TWITTER,sci-techuniverse.com,N,52.0,US,en,0.0
234,234,1537219381649977344,DailyNoahNews,40.0,7629.0,NaN,NaN,NaN,NaN,NaN,NaN,NaN,NaN
235,235,15392486,disclosetv,44.0,45250.0,NaN,NaN,NaN,NaN,NaN,NaN,NaN,NaN
236,236,1539579530381254656,AnnAmericaFirst,37.0,6214.0,NaN,NaN,NaN,NaN,NaN,NaN,NaN,NaN
237,237,15416505,GovMikeHuckabee,NaN,NaN,https://www.twitter.com/GovMikeHuckabee,TWITTER,mikehuckabee.com,N,44.5,US,en,1916426.0
238,238,15450660,Greg_Palast,NaN,NaN,https://twitter.com/Greg_Palast,TWITTER,gregpalast.com,N,49.5,US,en,81406.0
239,239,154532994,ActivistPost,NaN,NaN,https://www.twitter.com/ActivistPost,TWITTER,activistpost.com,N,12.5,US,en,41300.0
240,240,1545523991217147907,helen44767171,97.0,22800.0,NaN,NaN,NaN,NaN,NaN,NaN,NaN,NaN
241,241,1545824442986762242,DaAcervo,57.0,40920.0,NaN,NaN,NaN,NaN,NaN,NaN,NaN,NaN
242,242,1546709213476335616,MGKoreaHA,35.0,2962.0,NaN,NaN,NaN,NaN,NaN,NaN,NaN,NaN
243,243,1547060724370792448,NFSC_HAGnews,219.0,117812.0,NaN,NaN,NaN,NaN,NaN,NaN,NaN,NaN
244,244,1548065460121321474,PopsBackAgain,39.0,5132.0,NaN,NaN,NaN,NaN,NaN,NaN,NaN,NaN
245,245,15503210,Antiwarcom,NaN,NaN,https://twitter.com/Antiwarcom?ref_src=twsrc%5Egoogle%7Ctwcamp%5Eserp%7Ctwgr%5Eauthor,TWITTER,antiwar.com,N,49.5,US,en,81742.0
246,246,15515169,toddstarnes,NaN,NaN,https://twitter.com/toddstarnes,TWITTER,toddstarnes.com,N,49.5,US,en,230232.0
247,247,1551523351843192834,DameScorpio,50.0,8630.0,NaN,NaN,NaN,NaN,NaN,NaN,NaN,NaN
248,248,1551736994442760192,PatPetterson2,37.0,5273.0,NaN,NaN,NaN,NaN,NaN,NaN,NaN,NaN
249,249,1551842418927869952,AllBiteNoBark88,38.0,21896.0,NaN,NaN,NaN,NaN,NaN,NaN,NaN,NaN
250,250,1552407495255199745,Xx17965797N,75.0,49487.0,NaN,NaN,NaN,NaN,NaN,NaN,NaN,NaN
251,251,1553876653406814211,Rammie24,52.0,7253.0,NaN,NaN,NaN,NaN,NaN,NaN,NaN,NaN
252,252,15645871,DrEddyClinic,NaN,NaN,https://twitter.com/dreddyclinic,TWITTER,dreddymd.com,N,7.5,US,en,244086.0
253,253,1564976739427786753,fengyunshe,145.0,36364.0,NaN,NaN,NaN,NaN,NaN,NaN,NaN,NaN
254,254,1565507057549459457,nho82897178,94.0,22813.0,NaN,NaN,NaN,NaN,NaN,NaN,NaN,NaN
255,255,15669672,PamelaGeller,46.0,10904.0,https://twitter.com/pamelageller,TWITTER,gellerreport.com,N,10.0,US,en,181477.0
256,256,1574488279390601220,Whatfinger1,NaN,NaN,https://twitter.com/Whatfinger1,TWITTER,whatfinger.com,N,12.5,US,en,888.0
257,257,15759387,RadioPatriot,NaN,NaN,https://twitter.com/RadioPatriot,TWITTER,radiopatriot.net,N,30.0,US,en,3808.0
258,258,1577761560394665984,DiedSuddenly_,51.0,86407.0,https://twitter.com/DiedSuddenly_,TWITTER,diedsuddenly.info,N,22.5,US,en,667398.0
259,259,1579976278999973889,Revwwthompson,53.0,6475.0,NaN,NaN,NaN,NaN,NaN,NaN,NaN,NaN
260,260,1580367881442926592,_SmokeyGirl25,41.0,4315.0,NaN,NaN,NaN,NaN,NaN,NaN,NaN,NaN
261,261,1582939922259812352,respect_stories,NaN,NaN,https://x.com/respect_stories?s=20,TWITTER,respectidaho.com,N,52.0,US,en,9.0
262,262,1585618712345935876,GA_Record,NaN,NaN,https://twitter.com/GA_Record,TWITTER,georgiarecord.com,N,20.0,US,en,933.0
263,263,1585788006576918528,RosannaM1970,76.0,13833.0,NaN,NaN,NaN,NaN,NaN,NaN,NaN,NaN
264,264,1585877359038808064,Teagan1776,33.0,3184.0,NaN,NaN,NaN,NaN,NaN,NaN,NaN,NaN
265,265,1586000702660235264,JewelsJonesLive,37.0,3967.0,NaN,NaN,NaN,NaN,NaN,NaN,NaN,NaN
266,266,1586163728655220736,Unshackled_QE,NaN,NaN,https://x.com/Unshackled_QE?s=20,TWITTER,unshackledminds.com,N,0.0,US,en,18.0
267,267,1586560515916156929,realouMAGAgirl,122.0,34815.0,NaN,NaN,NaN,NaN,NaN,NaN,NaN,NaN
268,268,1586890416506347522,GeoengineeringW,NaN,NaN,https://twitter.com/GeoengineeringW,TWITTER,geoengineeringwatch.org,N,30.0,US,en,940.0
269,269,1586968339666145282,NancyMar2022,38.0,3081.0,NaN,NaN,NaN,NaN,NaN,NaN,NaN,NaN
270,270,1587522565739843585,DevilD0g_,52.0,6167.0,NaN,NaN,NaN,NaN,NaN,NaN,NaN,NaN
272,272,1589443233444089856,demcommies,NaN,NaN,https://twitter.com/demcommies,TWITTER,pacificpundit.com,N,0.0,US,en,6587.0
273,273,1592188700787707906,FrontlineNewsUS,NaN,NaN,https://twitter.com/FrontlineNewsUS,TWITTER,frontline.news,N,12.5,US,en,2135.0
274,274,1593771884528680960,anguishoflibs,39.0,2781.0,NaN,NaN,NaN,NaN,NaN,NaN,NaN,NaN
275,275,1594872345901998080,MosWriting,54.0,21629.0,NaN,NaN,NaN,NaN,NaN,NaN,NaN,NaN
277,277,1596469960708165632,NeonNettle,NaN,NaN,https://twitter.com/NeonNettle,TWITTER,neonnettle.com,N,52.0,US,en,7.0
279,279,1604581002655027200,DiscoverTRW,66.0,9321.0,NaN,NaN,NaN,NaN,NaN,NaN,NaN,NaN
280,280,160596522,ChiDefender,NaN,NaN,https://twitter.com/chidefender,TWITTER,chicagodefender.com,N,57.5,US,en,8688.0
282,282,16076032,ggreenwald,79.0,53597.0,NaN,NaN,NaN,NaN,NaN,NaN,NaN,NaN
283,283,1608576778372521984,greenmedinfo,NaN,NaN,https://twitter.com/greenmedinfo,TWITTER,greenmedinfo.com,N,30.0,US,en,273.0
284,284,16106584,stillgray,63.0,33154.0,NaN,NaN,NaN,NaN,NaN,NaN,NaN,NaN
285,285,1635015762648678400,davidcd0418,33.0,2499.0,NaN,NaN,NaN,NaN,NaN,NaN,NaN,NaN
286,286,1639485735932764161,FirstQAnon,NaN,NaN,https://x.com/FirstQAnon?s=20,TWITTER,qanon.pub,N,17.5,US,en,2677.0
287,287,1640687231013625859,ReviewOrie45124,NaN,NaN,https://twitter.com/ReviewOrie45124,TWITTER,orientalreview.org,N,12.5,US,en,27.0
288,288,1647749834646999040,creatdestmed,NaN,NaN,https://twitter.com/creatdestmed,TWITTER,creativedestructionmedia.com,N,20.0,US,en,364.0
289,289,16589206,wikileaks,NaN,NaN,https://twitter.com/wikileaks/,TWITTER,wikileaks.org,N,44.5,US,en,5619613.0
290,290,166134301,CurtisHebert,169.0,56793.0,NaN,NaN,NaN,NaN,NaN,NaN,NaN,NaN
291,291,1663885502540398595,realJoeHoft,NaN,NaN,https://twitter.com/realJoeHoft,TWITTER,joehoft.com,N,10.0,US,en,1553.0
292,292,1663963665660354562,SCJournalOnline,NaN,NaN,https://x.com/SCJournalOnline?s=20,TWITTER,strategic-culture.su,N,12.5,US,en,1412.0
293,293,1671452427218763779,TheDuranReal,NaN,NaN,https://x.com/TheDuranReal?s=20,TWITTER,theduran.com,N,0.0,US,en,15697.0
294,294,1678273014,dgaytandzhieva,NaN,NaN,https://twitter.com/dgaytandzhieva,TWITTER,dilyana.bg,N,17.5,US,en,59864.0
295,295,1684841268956868609,GeopolitikaEN,NaN,NaN,https://twitter.com/GeopolitikaEN,TWITTER,geopolitika.ru,N,20.0,US,en,809.0
296,296,168541923,ACTforAmerica,43.0,13458.0,NaN,NaN,NaN,NaN,NaN,NaN,NaN,NaN
297,297,1685770941807149056,VigilantNews,NaN,NaN,https://twitter.com/VigilantNews,TWITTER,vigilantnews.com,N,7.5,US,en,57039.0
298,298,1699037857,Tasnimnews_EN,NaN,NaN,https://twitter.com/Tasnimnews_EN,TWITTER,tasnimnews.com,N,7.5,US,en,41233.0
299,299,1703063382,80syaku,36.0,7686.0,NaN,NaN,NaN,NaN,NaN,NaN,NaN,NaN
300,300,1708468515592667136,Stewpeters1132,NaN,NaN,https://x.com/Stewpeters1132?s=20,TWITTER,stewpeters.com,N,7.5,US,en,43.0
301,301,1710833660260405248,AddInfoOrg,NaN,NaN,https://twitter.com/AddInfoOrg,TWITTER,addictinginfo.com,N,29.5,US,en,0.0
302,302,17349381,frfrankpavone,76.0,28502.0,NaN,NaN,NaN,NaN,NaN,NaN,NaN,NaN
303,303,17454769,glennbeck,NaN,NaN,https://twitter.com/glennbeck,TWITTER,glennbeck.com,N,44.5,US,en,1814725.0
304,304,17523437,PeggyHall,NaN,NaN,https://twitter.com/PeggyHall,TWITTER,thehealthyamerican.org,N,22.5,US,en,6640.0
305,305,17614200,KevinJacksonTBS,NaN,NaN,https://www.twitter.com/KevinJacksonTBS,TWITTER,theblacksphere.net,N,44.5,US,en,62262.0
306,306,17824071,ANTHONYBLOGAN,NaN,NaN,https://www.twitter.com/anthonyblogan,TWITTER,anthonyblogan.com,N,57.0,US,en,62711.0
307,307,17828368,aciprensa,NaN,NaN,https://twitter.com/aciprensa,TWITTER,aciprensa.com,N,57.0,US,en,444711.0
308,308,17850268,HeartlandInst,NaN,NaN,https://twitter.com/heartlandinst,TWITTER,heartland.org,N,30.0,US,en,16611.0
309,309,18001922,LiveAction,NaN,NaN,https://twitter.com/liveaction,TWITTER,liveaction.org,N,30.0,US,en,179220.0
310,310,18005085,MZHemingway,129.0,63326.0,NaN,NaN,NaN,NaN,NaN,NaN,NaN,NaN
311,311,18029139,BlackNews,NaN,NaN,https://twitter.com/BlackNews,TWITTER,blacknews.com,N,44.5,US,en,92723.0
312,312,18040475,thedailybanter,NaN,NaN,https://twitter.com/thedailybanter,TWITTER,thedailybanter.com,N,59.5,US,en,5947.0
313,313,18093097,unhealthytruth,NaN,NaN,https://twitter.com/unhealthytruth,TWITTER,healthnutnews.com,N,20.0,US,en,165095.0
314,314,18118505,barenakedislam,NaN,NaN,https://twitter.com/barenakedislam,TWITTER,barenakedislam.com,N,42.0,US,en,16508.0
315,315,18166778,Jim_Jordan,57.0,76450.0,NaN,NaN,NaN,NaN,NaN,NaN,NaN,NaN
316,316,18176382,GraniteGrok,NaN,NaN,https://twitter.com/GraniteGrok,TWITTER,granitegrok.com,N,37.5,US,en,2129.0
317,317,18247062,JudicialWatch,66.0,20175.0,https://www.twitter.com/JudicialWatch,TWITTER,judicialwatch.org,N,57.0,US,en,2120707.0
318,318,18266688,TomFitton,172.0,124457.0,NaN,NaN,NaN,NaN,NaN,NaN,NaN,NaN
319,319,18379614,RubinReport,36.0,7043.0,NaN,NaN,NaN,NaN,NaN,NaN,NaN,NaN
320,320,1851981150,TnA1776,NaN,NaN,https://twitter.com/tna1776,TWITTER,truthandaction.org,N,7.5,US,en,73.0
322,322,18637344,intellectualTO,NaN,NaN,https://twitter.com/intellectualTO,TWITTER,intellectualtakeout.org,N,44.5,US,en,11117.0
323,323,18643437,PrisonPlanet,129.0,52256.0,https://twitter.com/PrisonPlanet,TWITTER,summit.news,N,7.5,US,en,1383981.0
324,324,1872617761,joeimbriano777,NaN,NaN,https://twitter.com/joeimbriano777,TWITTER,thefullertoninformer.com,N,32.5,US,en,2813.0
325,325,187318645,WetpaintTV,NaN,NaN,https://twitter.com/wetpainttv,TWITTER,wetpaintlife.com,N,39.5,US,en,68813.0
326,326,187578616,horowitz39,NaN,NaN,https://twitter.com/horowitz39,TWITTER,frontpagemag.com,N,30.0,US,en,82863.0
327,327,1879257745,Worldtruthtvs,NaN,NaN,https://www.youtube.com/c/EddieWorldTruthTV/videos,TWITTER,worldtruth.tv,N,7.5,US,en,17.0
328,328,18809812,toadmeister,120.0,100690.0,NaN,NaN,NaN,NaN,NaN,NaN,NaN,NaN
329,329,1881296893,PatrickByrne,38.0,5922.0,NaN,NaN,NaN,NaN,NaN,NaN,NaN,NaN
330,330,18856867,zerohedge,221.0,324005.0,https://twitter.com/zerohedge,TWITTER,zerohedge.com,N,15.0,US,en,1799121.0
331,331,188916113,christianhlines,NaN,NaN,https://twitter.com/christianhlines,TWITTER,christianheadlines.com,N,57.0,US,en,8951.0
332,332,18927538,LifeSite,NaN,NaN,https://twitter.com/LifeSite,TWITTER,lifesitenews.com,N,17.5,US,en,65221.0
333,333,18956212,FAIRImmigration,37.0,4815.0,NaN,NaN,NaN,NaN,NaN,NaN,NaN,NaN
334,334,1898509585,AmActionNews,NaN,NaN,https://twitter.com/AmActionNews,TWITTER,americanactionnews.com,N,44.5,US,en,5651.0
335,335,1903712426,tassagency_en,NaN,NaN,https://twitter.com/tassagency_en,TWITTER,tass.com,N,15.0,US,en,131693.0
336,336,1908627954,JasonMBrodsky,33.0,8767.0,NaN,NaN,NaN,NaN,NaN,NaN,NaN,NaN
337,337,19091173,scrowder,49.0,12249.0,NaN,NaN,NaN,NaN,NaN,NaN,NaN,NaN
338,338,191871143,VigilantFox,99.0,232832.0,NaN,NaN,NaN,NaN,NaN,NaN,NaN,NaN
339,339,19211550,gatewaypundit,110.0,96887.0,https://twitter.com/gatewaypundit,TWITTER,thegatewaypundit.com,N,30.0,US,en,713948.0
340,340,1923729505,TechTimes_News,NaN,NaN,https://twitter.com/TechTimes_News,TWITTER,techtimes.com,N,57.0,US,en,12490.0
341,341,19257539,TheHayride,NaN,NaN,https://twitter.com/TheHayride,TWITTER,thehayride.com,N,22.5,US,en,5443.0
342,342,1931893196,UnzReview,NaN,NaN,https://twitter.com/UnzReview,TWITTER,unz.com,N,37.5,US,en,12669.0
343,343,195271137,larryelder,114.0,68850.0,NaN,NaN,NaN,NaN,NaN,NaN,NaN,NaN
344,344,195717987,JamieSale,33.0,17776.0,NaN,NaN,NaN,NaN,NaN,NaN,NaN,NaN
345,345,1957674949,MadWorldNews,NaN,NaN,https://twitter.com/MadWorldNews,TWITTER,madworldnews.com,N,37.5,US,en,102151.0
346,346,1964862775,GUnderground_TV,44.0,6757.0,NaN,NaN,NaN,NaN,NaN,NaN,NaN,NaN
347,347,196769365,Scott_4Trump,53.0,10120.0,NaN,NaN,NaN,NaN,NaN,NaN,NaN,NaN
348,348,19920143,natureheals,NaN,NaN,https://twitter.com/natureheals,TWITTER,healthy-holistic-living.com,N,22.5,US,en,8970.0
349,349,19982260,OrganicConsumer,NaN,NaN,https://twitter.com/OrganicConsumer,TWITTER,organicconsumers.org,N,20.0,US,en,299035.0
350,350,19985444,jihadwatchRS,NaN,NaN,https://twitter.com/jihadwatchRS,TWITTER,jihadwatch.org,N,22.5,US,en,251796.0
351,351,200568348,MediterraneoDGT,NaN,NaN,https://twitter.com/MediterraneoDGT,TWITTER,mediterraneodigital.com,N,57.0,US,en,89794.0
352,352,200987317,elamerican,NaN,NaN,https://twitter.com/ElAmerican_,TWITTER,elamerican.com,N,57.0,US,en,15.0
353,353,203226736,SharylAttkisson,NaN,NaN,https://twitter.com/SharylAttkisson,TWITTER,sharylattkisson.com,N,44.5,US,en,477541.0
354,354,20336210,lifebiomedguru,NaN,NaN,https://twitter.com/lifebiomedguru,TWITTER,jameslyonsweiler.com,N,12.5,US,en,46665.0
355,355,20394822,mrddmia,43.0,25192.0,NaN,NaN,NaN,NaN,NaN,NaN,NaN,NaN
356,356,20545835,NEWSMAX,149.0,123916.0,https://twitter.com/newsmax?lang=en,TWITTER,newsmax.com,N,20.0,US,en,2657323.0
357,357,20713061,newtgingrich,NaN,NaN,https://twitter.com/newtgingrich,TWITTER,gingrich360.com,N,49.5,US,en,2366179.0
358,358,20791372,ACLJ,NaN,NaN,https://twitter.com/ACLJ,TWITTER,aclj.org,N,57.0,US,en,189001.0
359,359,208155240,MariaBartiromo,31.0,11821.0,NaN,NaN,NaN,NaN,NaN,NaN,NaN,NaN
360,360,20818801,dailykos,NaN,NaN,https://twitter.com/dailykos,TWITTER,dailykos.com,N,32.5,US,en,267718.0
361,361,20837035,lewrockwell,NaN,NaN,https://twitter.com/lewrockwell,TWITTER,lewrockwell.com,N,12.5,US,en,75645.0
362,362,20930176,SOTTnet,NaN,NaN,https://twitter.com/SOTTnet,TWITTER,sott.net,N,17.5,US,en,8969.0
363,363,21064667,JimBakkerShow,NaN,NaN,https://twitter.com/JimBakkerShow,TWITTER,jimbakkershow.com,N,17.5,US,en,7214.0
364,364,21150492,JunkScience,64.0,82890.0,NaN,NaN,NaN,NaN,NaN,NaN,NaN,NaN
365,365,212708176,TheRightScoop,NaN,NaN,https://twitter.com/TheRightScoop,TWITTER,therightscoop.com,N,34.5,US,en,15027.0
366,366,21536398,GreggJarrett,NaN,NaN,https://twitter.com/GreggJarrett,TWITTER,thegreggjarrett.com,N,32.0,US,en,861786.0
367,367,218504651,drdavidfriedman,NaN,NaN,https://twitter.com/drdavidfriedman,TWITTER,doctordavidfriedman.com,N,49.5,US,en,34053.0
368,368,2202598633,DowntrendCom,NaN,NaN,https://twitter.com/downtrendcom,TWITTER,downtrend.com,N,7.5,US,en,1333.0
370,370,22170482,nrlc,NaN,NaN,https://twitter.com/nrlc,TWITTER,nationalrighttolifenews.org,N,7.5,US,en,69108.0
371,371,222209771,ConnersClinic,NaN,NaN,https://www.twitter.com/connersclinic,TWITTER,connersclinic.com,N,27.5,US,en,6113.0
372,372,22240612,AlArabiya_Eng,NaN,NaN,https://twitter.com/AlArabiya_Eng,TWITTER,english.alarabiya.net,N,39.5,US,en,934519.0
373,373,2244134066,clif_high,57.0,9634.0,NaN,NaN,NaN,NaN,NaN,NaN,NaN,NaN
374,374,224430095,aawsat_eng,NaN,NaN,https://twitter.com/aawsat_eng?ref_src=twsrc%5Egoogle%7Ctwcamp%5Eserp%7Ctwgr%5Eauthor,TWITTER,english.aawsat.com,N,39.5,US,en,139783.0
375,375,22677397,atensnut,54.0,182984.0,NaN,NaN,NaN,NaN,NaN,NaN,NaN,NaN
376,376,22703645,TuckerCarlson,NaN,NaN,https://twitter.com/TuckerCarlson,TWITTER,tuckercarlson.com,N,17.5,US,en,11669837.0
377,377,22727234,FreedomsPhoenix,NaN,NaN,https://twitter.com/freedomsphoenix,TWITTER,freedomsphoenix.com,N,17.5,US,en,3829.0
378,378,2275471640,DonaldCourter,NaN,NaN,https://twitter.com/DonaldCourter,TWITTER,the-revolution-report.com,N,25.0,US,en,5463.0
379,379,2275780065,NewsWndr,NaN,NaN,https://twitter.com/newswndr,TWITTER,worldnewsdailyreport.com,N,20.0,US,en,75.0
380,380,22803269,cooltxchick,31.0,22231.0,NaN,NaN,NaN,NaN,NaN,NaN,NaN,NaN
381,381,229887759,DesertReview,NaN,NaN,https://twitter.com/DesertReview,TWITTER,thedesertreview.com,N,27.5,US,en,1714.0
382,382,23047519,MoonofA,NaN,NaN,https://twitter.com/MoonofA,TWITTER,moonofalabama.org,N,7.5,US,en,60039.0
383,383,2316003960,CR,NaN,NaN,https://twitter.com/CR,TWITTER,conservativereview.com,N,44.5,US,en,214308.0
384,384,232901331,dbongino,179.0,106495.0,https://twitter.com/dbongino,TWITTER,bongino.com,N,49.5,US,en,5010285.0
385,385,2338070737,bitcoinist,NaN,NaN,https://twitter.com/bitcoinist,TWITTER,bitcoinist.com,N,44.5,US,en,67554.0
386,386,235208822,DrMichaelMurray,NaN,NaN,https://twitter.com/DrMichaelMurray,TWITTER,doctormurray.com,N,12.5,US,en,2221.0
387,387,236696328,HealthyNews2day,NaN,NaN,https://twitter.com/HealthyNews2day,TWITTER,healthimpactnews.com,N,12.5,US,en,51937.0
388,388,2367079278,Crypto_Potato,NaN,NaN,https://twitter.com/Crypto_Potato,TWITTER,cryptopotato.com,N,49.5,US,en,33351.0
389,389,238670666,COpeakpolitics,NaN,NaN,https://twitter.com/COpeakpolitics,TWITTER,coloradopeakpolitics.com,N,57.5,US,en,9633.0
390,390,2387887890,IranFrontPage,NaN,NaN,https://twitter.com/iranfrontpage,TWITTER,ifpnews.com,N,52.0,US,en,18479.0
391,391,240454812,GenFlynn,48.0,73415.0,NaN,NaN,NaN,NaN,NaN,NaN,NaN,NaN
392,392,241622603,Baltimore_Times,NaN,NaN,https://twitter.com/Baltimore_Times,TWITTER,baltimoretimes-online.com,N,57.0,US,en,2525.0
393,393,2417586104,SebGorka,45.0,9372.0,https://twitter.com/SebGorka,TWITTER,sebgorka.com,N,32.5,US,en,1493428.0
394,394,2421067430,TeaPainUSA,70.0,14545.0,NaN,NaN,NaN,NaN,NaN,NaN,NaN,NaN
395,395,2423370157,GreatGameIndia,NaN,NaN,https://twitter.com/GreatGameIndia,TWITTER,greatgameindia.com,N,5.0,US,en,26883.0
396,396,243036224,FunkerActual,NaN,NaN,https://twitter.com/funkeractual,TWITTER,funker530.com,N,44.5,US,en,46437.0
397,397,2446935385,AFF_PATRIOT,NaN,NaN,https://twitter.com/AFF_PATRIOTS,TWITTER,americasfreedomfighters.com,N,0.0,US,en,9.0
398,398,2451343801,DCEngager,NaN,NaN,https://twitter.com/DCEngager,TWITTER,washingtonengager.com,N,7.5,US,en,2540.0
399,399,2451476942,SwarajyaMag,37.0,13842.0,NaN,NaN,NaN,NaN,NaN,NaN,NaN,NaN
400,400,245227608,AltHealthWORKS,NaN,NaN,https://twitter.com/AltHealthWORKS,TWITTER,althealthworks.com,N,30.0,US,en,1288.0
401,401,2467720274,AmerIndependent,NaN,NaN,https://twitter.com/amerindependent,TWITTER,americanindependent.com,N,57.0,US,en,91346.0
402,402,24822993,tracybeanz,33.0,4025.0,NaN,NaN,NaN,NaN,NaN,NaN,NaN,NaN
403,403,248859211,WhiteCoatWaste,NaN,NaN,https://twitter.com/whitecoatwaste,TWITTER,whitecoatwaste.org,N,57.0,US,en,22852.0
404,404,25101996,kimguilfoyle,39.0,11479.0,NaN,NaN,NaN,NaN,NaN,NaN,NaN,NaN
405,405,2511407130,Slay_News_,NaN,NaN,https://twitter.com/Slay_News_,TWITTER,slaynews.com,N,22.0,US,en,10952.0
406,406,25202268,SaraCarterDC,NaN,NaN,https://twitter.com/SaraCarterDC,TWITTER,saraacarter.com,N,32.0,US,en,1542794.0
407,407,252398355,RMConservative,42.0,6032.0,NaN,NaN,NaN,NaN,NaN,NaN,NaN,NaN
408,408,25533583,PatriotPost,NaN,NaN,https://www.twitter.com/PatriotPost,TWITTER,patriotpost.us,N,20.0,US,en,9177.0
409,409,2559110916,FinishTheRace,NaN,NaN,https://twitter.com/FinishTheRace,TWITTER,finishtherace.com,N,12.5,US,en,5239.0
410,410,25596174,KUSINews,NaN,NaN,https://twitter.com/KUSINews,TWITTER,kusi.com,N,44.5,US,en,103273.0
411,411,2561722728,ukraina_ru,NaN,NaN,https://twitter.com/ukraina_ru,TWITTER,ukraina.ru,N,12.5,US,en,26481.0
412,412,256386408,powerlineUS,NaN,NaN,https://www.twitter.com/powerlineUS,TWITTER,powerlineblog.com,N,57.0,US,en,8887.0
413,413,2571638600,VisionTimesLife,NaN,NaN,https://twitter.com/VisionTimesLife,TWITTER,visiontimes.com,N,44.5,US,en,317.0
414,414,2579246143,VisionTWorld,NaN,NaN,https://twitter.com/VisionTWorld,TWITTER,visiontimes.com,N,44.5,US,en,361.0
415,415,26157047,DanKEberhart,40.0,7128.0,NaN,NaN,NaN,NaN,NaN,NaN,NaN,NaN
416,416,26163517,BlacklistedNews,NaN,NaN,https://twitter.com/BlacklistedNews,TWITTER,blacklistednews.com,N,15.0,US,en,68472.0
417,417,26239840,ichudov,NaN,NaN,https://twitter.com/ichudov?ref_src=twsrc%5Egoogle%7Ctwcamp%5Eserp%7Ctwgr%5Eauthor,TWITTER,igor-chudov.com,N,20.0,US,en,36495.0
418,418,264361128,Liz_Wheeler,NaN,NaN,https://twitter.com/Liz_Wheeler,TWITTER,lizwheeler.com,N,29.5,US,en,949627.0
419,419,26487169,LouDobbs,56.0,12734.0,NaN,NaN,NaN,NaN,NaN,NaN,NaN,NaN
420,420,270441409,indiesentinel,NaN,NaN,https://www.twitter.com/indiesentinel,TWITTER,independentsentinel.com,N,30.0,US,en,7548.0
421,421,2711064734,hrtwarming,NaN,NaN,https://twitter.com/hrtwarming,TWITTER,hrtwarming.com,N,52.0,US,en,368.0
422,422,2739596257,RussiaInsider,NaN,NaN,https://twitter.com/russiainsider,TWITTER,russia-insider.com,N,12.5,US,en,31238.0
423,423,2745792751,VineyardSaker,NaN,NaN,https://twitter.com/vineyardsaker?lang=en,TWITTER,thesaker.is,N,20.0,US,en,2330.0
424,424,27522964,vdare,32.0,7538.0,https://twitter.com/vdare,TWITTER,vdare.com,N,30.0,US,en,68653.0
425,425,2795035766,peoplesvoice_tv,NaN,NaN,https://x.com/peoplesvoice_tv?s=20,TWITTER,thepeoplesvoice.tv,N,0.0,US,en,687.0
426,426,282695161,WayneDupreeShow,NaN,NaN,https://twitter.com/WayneDupreeShow,TWITTER,waynedupree.com,N,27.5,US,en,516878.0
427,427,2836421,MSNBC,NaN,NaN,https://twitter.com/MSNBC,TWITTER,msnbc.com,N,49.5,US,en,5086644.0
428,428,2848616367,AnonymousNewsHQ,NaN,NaN,https://twitter.com/AnonymousNewsHQ,TWITTER,anonhq.com,N,44.5,US,en,24768.0
429,429,286358221,UnleashMind,NaN,NaN,https://twitter.com/unleashmind,TWITTER,themindunleashed.com,N,57.0,US,en,13034.0
430,430,287413569,RonPaul,87.0,33717.0,NaN,NaN,NaN,NaN,NaN,NaN,NaN,NaN
431,431,2876905581,Russia_Truth,NaN,NaN,https://twitter.com/Russia_Truth,TWITTER,russiatruth.co,N,7.5,US,en,3892.0
432,432,2891241164,shitexpress,NaN,NaN,https://x.com/shitexpress?s=20,TWITTER,prankmania.com,N,20.0,US,en,1093.0
433,433,289420613,naomirwolf,68.0,35305.0,NaN,NaN,NaN,NaN,NaN,NaN,NaN,NaN
434,434,2908170952,DiamondandSilk,41.0,8890.0,https://twitter.com/DiamondandSilk,TWITTER,diamondandsilk.com,N,52.0,US,en,2122149.0
435,435,29097819,EpochTimes,NaN,NaN,https://twitter.com/EpochTimes,TWITTER,theepochtimes.com,N,17.5,US,en,764675.0
436,436,292250240,goop,NaN,NaN,https://twitter.com/goop,TWITTER,goop.com,N,22.5,US,en,97384.0
437,437,292929271,charliekirk11,NaN,NaN,https://twitter.com/charliekirk11,TWITTER,charliekirk.com,N,10.0,US,en,2795915.0
438,438,2940964728,IAStartingLine,NaN,NaN,https://twitter.com/iastartingline,TWITTER,iowastartingline.com,N,57.0,US,en,35890.0
439,439,29608684,JesusDaily,NaN,NaN,https://twitter.com/jesusdaily,TWITTER,jesusdaily.com,N,52.0,US,en,13744.0
440,440,29733324,YourNewsMedia,NaN,NaN,https://twitter.com/YourNewsMedia,TWITTER,yournews.com,N,7.5,US,en,351.0
441,441,2993959370,Streamdotorg,NaN,NaN,https://twitter.com/Streamdotorg,TWITTER,stream.org,N,27.5,US,en,16379.0
442,442,3016071993,LifeZette,NaN,NaN,https://twitter.com/LifeZette,TWITTER,lifezette.com,N,37.0,US,en,25759.0
443,443,303862998,PDChina,NaN,NaN,https://twitter.com/PDChina,TWITTER,en.people.cn,N,39.5,US,en,6654033.0
444,444,304123273,ArchKennedy,68.0,8515.0,NaN,NaN,NaN,NaN,NaN,NaN,NaN,NaN
445,445,3041775900,AlphaNewsMN,37.0,5630.0,https://twitter.com/alphanewsmn,TWITTER,alphanews.org,N,49.5,US,en,51898.0
446,446,3065576725,SM_NCT,62.0,11458.0,NaN,NaN,NaN,NaN,NaN,NaN,NaN,NaN
447,447,3066129832,TheNatPulse,NaN,NaN,https://twitter.com/TheNatPulse,TWITTER,thenationalpulse.com,N,7.5,US,en,76475.0
448,448,3091150576,trtworld,NaN,NaN,https://twitter.com/trtworld,TWITTER,trtworld.com,N,39.5,US,en,582117.0
449,449,309587728,ABridgen,32.0,85001.0,NaN,NaN,NaN,NaN,NaN,NaN,NaN,NaN
450,450,3145127635,aSciEnthusiast,NaN,NaN,https://twitter.com/ascienthusiast,TWITTER,ascienceenthusiast.com,N,55.0,US,en,19150.0
452,452,317385247,iheartmindy,52.0,27007.0,NaN,NaN,NaN,NaN,NaN,NaN,NaN,NaN
453,453,321954654,kylenabecker,109.0,135191.0,NaN,NaN,NaN,NaN,NaN,NaN,NaN,NaN
454,454,3233513666,ConservPost,NaN,NaN,https://twitter.com/conservpost,TWITTER,conservativepost.com,N,39.5,US,en,417.0
455,455,3244343936,R_republic_411,NaN,NaN,https://twitter.com/R_republic_411,TWITTER,restoredrepublic.co,N,7.5,US,en,3864.0
456,456,32867753,silvano_trotta,48.0,34987.0,NaN,NaN,NaN,NaN,NaN,NaN,NaN,NaN
457,457,3304499628,stephphilip8,83.0,17159.0,NaN,NaN,NaN,NaN,NaN,NaN,NaN,NaN
458,458,3312017672,theBerniePost,NaN,NaN,https://twitter.com/theBerniePost,TWITTER,berniepost.com,N,39.5,US,en,2614.0
459,459,3326947147,Prntly,NaN,NaN,https://x.com/Prntly?s=20,TWITTER,prntly.com,N,12.5,US,en,438.0
460,460,333357345,Cobratate,47.0,106866.0,NaN,NaN,NaN,NaN,NaN,NaN,NaN,NaN
461,461,334715818,BuckSexton,NaN,NaN,https://twitter.com/BuckSexton,TWITTER,independentchronicle.com,N,39.5,US,en,1070952.0
462,462,33522725,AgeofAutism,NaN,NaN,https://twitter.com/AgeofAutism,TWITTER,ageofautism.com,N,25.0,US,en,35925.0
463,463,335960595,usnewson,NaN,NaN,https://twitter.com/usnewson,TWITTER,usnewson.com,N,44.5,US,en,23.0
464,464,3376321847,iluminatibot,40.0,8923.0,NaN,NaN,NaN,NaN,NaN,NaN,NaN,NaN
465,465,337808606,RobertKennedyJr,167.0,381543.0,NaN,NaN,NaN,NaN,NaN,NaN,NaN,NaN
466,466,34109146,AmericanThinker,NaN,NaN,https://twitter.com/AmericanThinker,TWITTER,americanthinker.com,N,12.5,US,en,48677.0
468,468,34200559,rianru,NaN,NaN,https://twitter.com/rianru,TWITTER,ria.ru,N,12.5,US,en,2633495.0
469,469,34209920,PravdaRu,NaN,NaN,https://twitter.com/PravdaRu,TWITTER,english.pravda.ru,N,17.5,US,en,92217.0
470,470,34262462,SputnikInt,NaN,NaN,https://twitter.com/SputnikInt,TWITTER,sputniknews.com,N,27.5,US,en,374567.0
471,471,344431345,WTFfacts,NaN,NaN,https://www.twitter.com/wtffacts,TWITTER,factswt.com,N,52.0,US,en,547.0
472,472,3454726154,co_firing_line,NaN,NaN,https://twitter.com/co_firing_line,TWITTER,conservativefiringline.com,N,0.0,US,en,3150.0
473,473,3490454713,thinkamericana,NaN,NaN,https://www.twitter.com/thinkamericana,TWITTER,thinkamericana.com,N,32.0,US,en,10215.0
474,474,3530404094,DavidJHarrisJr,NaN,NaN,https://twitter.com/DavidJHarrisJr,TWITTER,davidharrisjr.com,N,10.0,US,en,579588.0
475,475,357564628,NatEnquirer,NaN,NaN,https://twitter.com/NatEnquirer,TWITTER,nationalenquirer.com,N,20.0,US,en,19523.0
476,476,358545917,Cernovich,31.0,8039.0,NaN,NaN,NaN,NaN,NaN,NaN,NaN,NaN
477,477,36529101,seanmdav,54.0,13708.0,NaN,NaN,NaN,NaN,NaN,NaN,NaN,NaN
478,478,3668805255,TimesVision,NaN,NaN,https://twitter.com/TimesVision,TWITTER,visiontimes.com,N,44.5,US,en,47.0
479,479,368196789,thegoodgodabove,NaN,NaN,https://twitter.com/TheGoodGodAbove?lang=en,TWITTER,thegoodlordabove.com,N,29.5,US,en,480136.0
480,480,370729020,charisma_news,NaN,NaN,https://twitter.com/#!/charisma_news,TWITTER,charismanews.com,N,35.0,US,en,21224.0
481,481,37491797,stkirsch,64.0,169782.0,https://twitter.com/stkirsch,TWITTER,kirschsubstack.com,N,37.5,US,en,463248.0
482,482,375721095,Breaking911,155.0,96851.0,https://twitter.com/Breaking911,TWITTER,breaking911.com,N,52.0,US,en,1034623.0
483,483,38472669,drjoshaxe,NaN,NaN,https://twitter.com/drjoshaxe,TWITTER,draxe.com,N,40.0,US,en,42937.0
484,484,38495835,marklevinshow,102.0,44387.0,NaN,NaN,NaN,NaN,NaN,NaN,NaN,NaN
485,485,38532025,CFACT,NaN,NaN,https://twitter.com/cfact,TWITTER,cfact.org,N,27.5,US,en,15063.0
486,486,38644883,RichSementa,44.0,9191.0,NaN,NaN,NaN,NaN,NaN,NaN,NaN,NaN
487,487,3905819426,ReadTheHornNews,NaN,NaN,https://twitter.com/readthehornnews,TWITTER,thehornnews.com,N,49.5,US,en,2672.0
488,488,39344374,DonaldJTrumpJr,83.0,55456.0,NaN,NaN,NaN,NaN,NaN,NaN,NaN,NaN
489,489,397155014,News18Showsha,84.0,29291.0,NaN,NaN,NaN,NaN,NaN,NaN,NaN,NaN
490,490,39844876,RWMaloneMD,83.0,304618.0,NaN,NaN,NaN,NaN,NaN,NaN,NaN,NaN
491,491,401659534,eatLocalGrown,NaN,NaN,https://twitter.com/eatLocalGrown,TWITTER,wisemindhealthybody.com,N,0.0,US,en,29813.0
492,492,402778053,MediaTakeoutTV,NaN,NaN,https://twitter.com/MediaTakeoutTV,TWITTER,mtonews.com,N,59.5,US,en,19376.0
493,493,4041824789,RSBNetwork,NaN,NaN,https://twitter.com/rsbnetwork,TWITTER,rsbnetwork.com,N,10.0,US,en,964816.0
494,494,4081106480,realDailyWire,NaN,NaN,https://www.twitter.com/realdailywire,TWITTER,dailywire.com,N,49.5,US,en,2124057.0
495,495,41160276,prageru,44.0,8900.0,https://twitter.com/prageru,TWITTER,prageru.com,N,57.0,US,en,985405.0
496,496,4127951894,newsbreakApp,NaN,NaN,https://twitter.com/newsbreakApp,TWITTER,newsbreak.com,N,12.5,US,en,55866.0
497,497,414962189,MintPressNews,NaN,NaN,https://twitter.com/MintPressNews,TWITTER,mintpressnews.com,N,22.5,US,en,211209.0
498,498,41634520,seanhannity,NaN,NaN,https://twitter.com/SeanHannity,TWITTER,hannity.com,N,39.5,US,en,6505847.0
499,499,4165642155,CRRJA5,42.0,17557.0,NaN,NaN,NaN,NaN,NaN,NaN,NaN,NaN
500,500,4183248796,realDennisLynch,NaN,NaN,https://twitter.com/realdennislynch,TWITTER,dennismichaellynch.com,N,30.0,US,en,39362.0
501,501,42320186,WorldTribune,NaN,NaN,https://twitter.com/worldtribune?lang=en,TWITTER,worldtribune.com,N,20.0,US,en,1330.0
502,502,4239551,amuse,53.0,51321.0,NaN,NaN,NaN,NaN,NaN,NaN,NaN,NaN
503,503,423972447,DailyClout,NaN,NaN,https://twitter.com/dailyclout,TWITTER,dailyclout.io,N,17.5,US,en,49545.0
504,504,42732678,BCNbcn,NaN,NaN,https://twitter.com/BCNbcn,TWITTER,breakingchristiannews.com,N,44.5,US,en,7060.0
505,505,42769016,AAPSonline,NaN,NaN,https://twitter.com/aapsonline,TWITTER,aapsonline.org,N,15.0,US,en,44961.0
506,506,428718110,21stCenturyWire,NaN,NaN,https://twitter.com/21stCenturyWire,TWITTER,21stcenturywire.com,N,17.5,US,en,19421.0
507,507,429091729,amer_pregnancy,NaN,NaN,https://twitter.com/amer_pregnancy,TWITTER,americanpregnancy.org,N,50.0,US,en,4613.0
508,508,42958086,NewsRescue,NaN,NaN,https://www.twitter.com/newsrescue,TWITTER,newsrescue.com,N,17.5,US,en,3904.0
509,509,43969372,worldnetdaily,NaN,NaN,https://www.twitter.com/worldnetdaily,TWITTER,wnd.com,N,17.5,US,en,65983.0
510,510,44196397,elonmusk,32.0,563488.0,NaN,NaN,NaN,NaN,NaN,NaN,NaN,NaN
511,511,442934291,TheAltDaily,NaN,NaN,https://twitter.com/thealtdaily,TWITTER,thealternativedaily.com,N,20.0,US,en,8786.0
512,512,4436681533,joinvaxxter,NaN,NaN,https://twitter.com/joinvaxxter,TWITTER,vaxxter.com,N,35.0,US,en,64.0
513,513,454232867,SGTreport,NaN,NaN,https://twitter.com/sgtreport?lang=en,TWITTER,sgtreport.com,N,0.0,US,en,126935.0
514,514,457984599,BreitbartNews,NaN,NaN,https://twitter.com/BreitbartNews,TWITTER,breitbart.com,N,49.5,US,en,2082615.0
515,515,466864852,BoSnerdley,84.0,60610.0,NaN,NaN,NaN,NaN,NaN,NaN,NaN,NaN
516,516,4675561130,OnlinePatriots,NaN,NaN,https://twitter.com/OnlinePatriots,TWITTER,patriotjournal.org,N,54.5,US,en,8393.0
517,517,469194846,TwitchyTeam,NaN,NaN,https://www.twitter.com/twitchyteam,TWITTER,twitchy.com,N,52.0,US,en,237219.0
518,518,4717892303,V_of_Europe,NaN,NaN,https://twitter.com/V_of_Europe,TWITTER,voiceofeurope.com,N,15.0,US,en,182337.0
519,519,47253057,RogerJStoneJr,47.0,15422.0,NaN,NaN,NaN,NaN,NaN,NaN,NaN,NaN
520,520,47293791,w_terrence,44.0,27125.0,NaN,NaN,NaN,NaN,NaN,NaN,NaN,NaN
521,521,475119104,WakingTimes,NaN,NaN,https://twitter.com/wakingtimes,TWITTER,wakingtimes.com,N,17.5,US,en,9743.0
522,522,4765364386,ChuckCallesto,34.0,124949.0,NaN,NaN,NaN,NaN,NaN,NaN,NaN,NaN
523,523,4826563611,TheGrayzoneNews,NaN,NaN,https://twitter.com/TheGrayzoneNews,TWITTER,thegrayzone.com,N,17.5,US,en,303546.0
524,524,486289771,GrabienMedia,NaN,NaN,https://twitter.com/grabienmedia,TWITTER,grabien.com,N,44.5,US,en,10422.0
525,525,487118986,XHNews,NaN,NaN,https://twitter.com/XHNews,TWITTER,english.news.cn,N,7.5,US,en,11979057.0
526,526,487600344,Bipartisanism,NaN,NaN,https://twitter.com/bipartisanism,TWITTER,bipartisanreport.com,N,57.5,US,en,135795.0
527,527,488825725,nbreavington,108.0,83957.0,NaN,NaN,NaN,NaN,NaN,NaN,NaN,NaN
528,528,49616273,globaltimesnews,52.0,13251.0,https://twitter.com/globaltimesnews,TWITTER,globaltimes.cn,N,39.5,US,en,1892826.0
529,529,4970411,AJEnglish,NaN,NaN,https://twitter.com/ajenglish,TWITTER,aljazeera.com,N,52.0,US,en,8797371.0
530,530,498223316,cdalerts,NaN,NaN,https://twitter.com/cdalerts,TWITTER,conservative-daily.com,N,7.5,US,en,1654.0
531,531,50434933,LifeNewsHQ,113.0,82886.0,https://twitter.com/LifeNewsHQ,TWITTER,lifenews.com,N,17.5,US,en,324170.0
532,532,504421694,Strange_Sounds,NaN,NaN,https://twitter.com/strange_sounds,TWITTER,strangesounds.org,N,25.0,US,en,11432.0
533,533,50769180,IngrahamAngle,NaN,NaN,https://twitter.com/IngrahamAngle,TWITTER,lauraingraham.com,N,39.5,US,en,4716094.0
534,534,523248016,jsolomonReports,146.0,75691.0,NaN,NaN,NaN,NaN,NaN,NaN,NaN,NaN
535,535,52404889,WestonAPrice,NaN,NaN,https://twitter.com/WestonAPrice,TWITTER,westonaprice.org,N,30.0,US,en,38167.0
536,536,532048883,EasternHerald,NaN,NaN,https://twitter.com/easternherald/,TWITTER,easternherald.com,N,5.0,US,en,560.0
537,537,532602984,realMaryFanning,NaN,NaN,https://x.com/realMaryFanning?s=20,TWITTER,theamericanreport.org,N,7.5,US,en,7990.0
538,538,537709549,LauraLoomer,50.0,17238.0,NaN,NaN,NaN,NaN,NaN,NaN,NaN,NaN
539,539,537959685,justworldtweets,NaN,NaN,https://twitter.com/justworldtweets?s=21,TWITTER,just-international.org,N,30.0,US,en,282.0
540,540,542962969,hrkbenowen,61.0,33204.0,NaN,NaN,NaN,NaN,NaN,NaN,NaN,NaN
541,541,55329156,RNCResearch,35.0,10445.0,NaN,NaN,NaN,NaN,NaN,NaN,NaN,NaN
542,542,55580205,drsircus,NaN,NaN,https://twitter.com/drsircus,TWITTER,drsircus.com,N,27.5,US,en,2228.0
543,543,556019936,FPPTim,NaN,NaN,https://twitter.com/FPPTim,TWITTER,thewashingtonstandard.com,N,17.5,US,en,4056.0
544,544,56644534,CCTV,NaN,NaN,https://twitter.com/CCTV,TWITTER,english.cctv.com,N,44.5,US,en,1030261.0
545,545,567289542,Saudi_Gazette,NaN,NaN,https://twitter.com/Saudi_Gazette,TWITTER,saudigazette.com.sa,N,44.5,US,en,521726.0
546,546,58579942,mattgaetz,35.0,33148.0,NaN,NaN,NaN,NaN,NaN,NaN,NaN,NaN
547,547,586707638,SidneyPowell1,41.0,25650.0,NaN,NaN,NaN,NaN,NaN,NaN,NaN,NaN
548,548,592730371,JackPosobiec,73.0,61336.0,NaN,NaN,NaN,NaN,NaN,NaN,NaN,NaN
549,549,594886554,TheLastRefuge2,89.0,28765.0,https://twitter.com/TheLastRefuge2,TWITTER,theconservativetreehouse.com,N,20.0,US,en,242107.0
550,550,595644255,ClashDailyCom,NaN,NaN,https://twitter.com/clashdailycom,TWITTER,clashdaily.com,N,42.0,US,en,54.0
551,551,598623415,srbininfo,NaN,NaN,https://x.com/srbininfo?s=20,TWITTER,srbin.info,N,12.5,US,en,15238.0
552,552,601535938,RealMattCouch,119.0,70270.0,NaN,NaN,NaN,NaN,NaN,NaN,NaN,NaN
553,553,604632375,wellbeingjourna,NaN,NaN,https://twitter.com/wellbeingjourna,TWITTER,wellbeingjournal.com,N,40.0,US,en,761.0
554,554,606400487,Church_Militant,NaN,NaN,https://twitter.com/Church_Militant,TWITTER,churchmilitant.com,N,35.0,US,en,53139.0
555,555,60698597,Consortiumnews,NaN,NaN,https://twitter.com/Consortiumnews,TWITTER,consortiumnews.com,N,47.5,US,en,75674.0
556,556,609244293,Hamletgarcia17,80.0,18271.0,NaN,NaN,NaN,NaN,NaN,NaN,NaN,NaN
557,557,62329139,USAWatchdog,NaN,NaN,https://twitter.com/usawatchdog,TWITTER,usawatchdog.com,N,25.0,US,en,37044.0
558,558,635928417,USA_Anne711,37.0,4392.0,NaN,NaN,NaN,NaN,NaN,NaN,NaN,NaN
559,559,64643056,RT_com,NaN,NaN,https://twitter.com/rt_com,TWITTER,rt.com,N,20.0,US,en,3180498.0
560,560,69156861,TheChiefNerd,72.0,164289.0,NaN,NaN,NaN,NaN,NaN,NaN,NaN,NaN
561,561,69172612,arabnews,NaN,NaN,https://twitter.com/arabnews,TWITTER,arabnews.com,N,44.5,US,en,502115.0
562,562,702582536397070337,awarenessactcom,NaN,NaN,https://twitter.com/awarenessactcom,TWITTER,awarenessact.com,N,57.5,US,en,617.0
563,563,702608032845451264,RealGeoEngWatch,NaN,NaN,https://twitter.com/RealGeoEngWatch,TWITTER,geoengineeringwatch.org,N,30.0,US,en,21328.0
564,564,70355674,ashoswai,31.0,4435.0,NaN,NaN,NaN,NaN,NaN,NaN,NaN,NaN
565,565,71869296,wattsupwiththat,NaN,NaN,https://twitter.com/wattsupwiththat,TWITTER,wattsupwiththat.com,N,22.5,US,en,41406.0
566,566,71880823,Cubanoselmundo,NaN,NaN,https://twitter.com/Cubanoselmundo,TWITTER,cubanosporelmundo.com,N,57.5,US,en,114248.0
567,567,721820969690468352,MustReadAlaska,NaN,NaN,https://twitter.com/MustReadAlaska,TWITTER,mustreadalaska.com,N,49.5,US,en,3133.0
568,568,722528529716383744,ACTBrigitte,58.0,20482.0,https://twitter.com/ACTBrigitte,TWITTER,brigittegabriel.com,N,50.0,US,en,1048870.0
569,569,730074470010982402,wonderworld2016,32.0,2707.0,NaN,NaN,NaN,NaN,NaN,NaN,NaN,NaN
570,570,734315151919218688,DOYOUNG__21,33.0,10823.0,NaN,NaN,NaN,NaN,NaN,NaN,NaN,NaN
571,571,73572581,beforeitsnews,NaN,NaN,https://twitter.com/beforeitsnews,TWITTER,beforeitsnews.com,N,0.0,US,en,64799.0
572,572,737749833281216512,chicago_wire,NaN,NaN,https://twitter.com/chicago_wire,TWITTER,westcooknews.com,N,49.5,US,en,532.0
573,573,74672763,LiberatedCit,36.0,4532.0,NaN,NaN,NaN,NaN,NaN,NaN,NaN,NaN
574,574,747854342334480385,vgclements1,54.0,28657.0,NaN,NaN,NaN,NaN,NaN,NaN,NaN,NaN
575,575,749016639287414784,theamgreatness,NaN,NaN,https://twitter.com/theamgreatness,TWITTER,amgreatness.com,N,42.0,US,en,42216.0
576,576,75441707,WEEKLYBLITZ,NaN,NaN,https://twitter.com/WEEKLYBLITZ?ref_src=twsrc%5Egoogle%7Ctwcamp%5Eserp%7Ctwgr%5Eauthor,TWITTER,weeklyblitz.net,N,12.5,US,en,960.0
577,577,754523975867244544,NewsFromCCT,NaN,NaN,https://twitter.com/NewsFromCCT,TWITTER,clarkcountytoday.com,N,57.0,US,en,2279.0
578,578,757832485,realLizUSA,56.0,10373.0,NaN,NaN,NaN,NaN,NaN,NaN,NaN,NaN
579,579,7597712,PJMedia_com,NaN,NaN,https://www.twitter.com/PJMedia_com,TWITTER,pjmedia.com,N,27.5,US,en,64563.0
580,580,759821534684905472,SvidokInfo,NaN,NaN,https://twitter.com/SvidokInfo,TWITTER,svidok.info,N,57.5,US,en,58.0
581,581,765255265503543296,ProfMJCleveland,42.0,7081.0,NaN,NaN,NaN,NaN,NaN,NaN,NaN,NaN
582,582,76650226,djockers5,NaN,NaN,https://twitter.com/djockers5,TWITTER,drjockers.com,N,20.0,US,en,2088.0
583,583,770700673688088577,_HealingOracle_,NaN,NaN,https://twitter.com/_HealingOracle_,TWITTER,healingoracle.ch,N,20.0,US,en,368.0
584,584,772767795788546048,SANAEnOfficial,NaN,NaN,https://twitter.com/SANAEnOfficial,TWITTER,sana.sy,N,7.5,US,en,8720.0
585,585,774893842780696577,TheGoldWaterUS,NaN,NaN,https://twitter.com/thegoldwaterUS,TWITTER,thegoldwater.com,N,20.0,US,en,12964.0
586,586,778763106289758208,JennaEllisEsq,31.0,7653.0,NaN,NaN,NaN,NaN,NaN,NaN,NaN,NaN
587,587,77918673,StopTechnocracy,NaN,NaN,https://twitter.com/stoptechnocracy,TWITTER,technocracy.news,N,32.5,US,en,20563.0
588,588,779657810405654528,TehranTimes79,NaN,NaN,https://twitter.com/TehranTimes79,TWITTER,tehrantimes.com,N,7.5,US,en,42883.0
589,589,782018153207431168,ChildrensHD,83.0,35020.0,https://twitter.com/childrenshd,TWITTER,childrenshealthdefense.org,N,17.5,US,en,215286.0
590,590,785297462810378240,lovetocook12345,41.0,5150.0,NaN,NaN,NaN,NaN,NaN,NaN,NaN,NaN
591,591,78630413,RobertoCarlo14,37.0,4847.0,NaN,NaN,NaN,NaN,NaN,NaN,NaN,NaN
592,592,789598902,livelovefruit,NaN,NaN,https://twitter.com/livelovefruit,TWITTER,livelovefruit.com,N,59.5,US,en,1980.0
593,593,791141046054944769,210observer,NaN,NaN,https://twitter.com/210observer,TWITTER,saobserver.com,N,39.5,US,en,332.0
594,594,791278480935817217,tagDivOfficial,NaN,NaN,https://www.twitter.com/tagdivofficial,TWITTER,weboff.us,N,52.0,US,en,3938.0
595,595,798168879293956096,TheNorthStar,NaN,NaN,https://twitter.com/TheNorthStar,TWITTER,thenorthstar.com,N,49.5,US,en,72179.0
596,596,800101436642050048,Leyh___Brian,41.0,8449.0,NaN,NaN,NaN,NaN,NaN,NaN,NaN,NaN
597,597,800983787945357312,picphysicians,NaN,NaN,https://twitter.com/picphysicians,TWITTER,physiciansforinformedconsent.org,N,39.5,US,en,109986.0
598,598,806344552718045184,drsimonegold,NaN,NaN,https://twitter.com/drsimonegold,TWITTER,americasfrontlinedoctors.org,N,17.5,US,en,780437.0
600,600,806611837693415428,allnewspipeline,NaN,NaN,https://twitter.com/allnewspipeline,TWITTER,allnewspipeline.com,N,7.5,US,en,190.0
601,601,80857088,NVICLoeDown,NaN,NaN,https://twitter.com/NVICLoeDown,TWITTER,nvic.org,N,12.5,US,en,22628.0
602,602,810055220,ProudElephantUS,36.0,44057.0,NaN,NaN,NaN,NaN,NaN,NaN,NaN,NaN
603,603,811972460560019456,republic,NaN,NaN,https://twitter.com/republic,TWITTER,republicworld.com,N,39.5,US,en,2851612.0
604,604,812230714632663040,GreenWWarriors,NaN,NaN,https://twitter.com/GreenWWarriors,TWITTER,greenworldwarriors.com,N,57.5,US,en,895.0
605,605,813279088865644544,IrnaEnglish,NaN,NaN,https://twitter.com/IrnaEnglish,TWITTER,en.irna.ir,N,7.5,US,en,56731.0
606,606,814509223551737856,Tamama0306,45.0,10776.0,NaN,NaN,NaN,NaN,NaN,NaN,NaN,NaN
607,607,814858130978996224,UpliftingToday,NaN,NaN,https://www.twitter.com/UpliftingToday,TWITTER,upliftingtoday.com,N,50.0,US,en,37.0
608,608,821095705724866560,TheTNStar,NaN,NaN,https://twitter.com/thetnstar,TWITTER,theconnecticutstar.com,N,40.0,US,en,5210.0
609,609,828800194355437573,209TimesCA,NaN,NaN,https://twitter.com/209TimesCA,TWITTER,209times.com,N,39.5,US,en,8365.0
610,610,830237549268447233,AmericaDefiant,NaN,NaN,https://twitter.com/AmericaDefiant,TWITTER,defiantamerica.com,N,39.5,US,en,1331.0
611,611,830735349206904833,Guardemocracy,NaN,NaN,https://twitter.com/Guardemocracy,TWITTER,theguardiansofdemocracy.com,N,50.0,US,en,328.0
612,612,831088844657135617,dramapotatoe,95.0,35143.0,NaN,NaN,NaN,NaN,NaN,NaN,NaN,NaN
613,613,836643708313403393,RedBlueDivide,NaN,NaN,https://twitter.com/RedBlueDivide,TWITTER,redbluedivide.com,N,32.0,US,en,50.0
614,614,836747320494436352,USTruthWire,NaN,NaN,https://twitter.com/ustruthwire?lang=en,TWITTER,conservativewiredaily.com,N,50.0,US,en,201.0
615,615,839188766208245761,LosAngelesBlade,NaN,NaN,https://twitter.com/LosAngelesBlade,TWITTER,losangelesblade.com,N,49.5,US,en,1926.0
616,616,841489249157468161,DemocracyDocket,NaN,NaN,https://twitter.com/DemocracyDocket,TWITTER,democracydocket.com,N,39.5,US,en,379363.0
617,617,845728536,remnantnews,NaN,NaN,https://twitter.com/remnantnews,TWITTER,remnantnewspaper.com,N,17.5,US,en,39419.0
618,618,845945503275610113,jjarchiv,52.0,17793.0,NaN,NaN,NaN,NaN,NaN,NaN,NaN,NaN
619,619,846315486,ntdtv_english,NaN,NaN,https://twitter.com/ntdtv_english,TWITTER,ntdnews.com,N,44.5,US,en,528.0
620,620,850036892,Project_Veritas,42.0,314585.0,https://twitter.com/Project_Veritas,TWITTER,projectveritas.com,N,44.5,US,en,1158707.0
621,621,850425860800692225,ICANdecide,NaN,NaN,https://twitter.com/ICANdecide,TWITTER,icandecide.org,N,12.5,US,en,64394.0
622,622,851985789072408576,HighWireTalk,37.0,5324.0,https://twitter.com/highwiretalk,TWITTER,thehighwire.com,N,22.5,US,en,197358.0
623,623,854040512080293888,CubitaNow,NaN,NaN,https://twitter.com/CubitaNow,TWITTER,cubitanow.com,N,57.5,US,en,26695.0
624,624,856991644134068224,bigleaguepol,NaN,NaN,https://twitter.com/BigLeaguePol,TWITTER,bigleaguepolitics.com,N,12.5,US,en,66477.0
625,625,85891421,YourBlackWorld,NaN,NaN,https://twitter.com/yourblackworld,TWITTER,yourblackworld.net,N,39.5,US,en,30484.0
626,626,86096628,NewAmericanMag,NaN,NaN,https://twitter.com/NewAmericanMag,TWITTER,thenewamerican.com,N,47.0,US,en,16217.0
627,627,864813532407361536,faithfamilyusa,NaN,NaN,https://www.twitter.com/FaithFamilyUSA,TWITTER,faithfamilyamerica.com,N,39.5,US,en,15.0
628,628,867759412198477829,SoShareThis,NaN,NaN,https://twitter.com/SoShareThis,TWITTER,sosharethis.com,N,49.5,US,en,16.0
629,629,870283075,HealthyFood999,NaN,NaN,https://twitter.com/healthyfood999,TWITTER,healthyfoodhouse.com,N,20.0,US,en,1905.0
630,630,872152117,DaisyLuther,NaN,NaN,https://twitter.com/DaisyLuther,TWITTER,theorganicprepper.com,N,20.0,US,en,2908.0
631,631,875856268056969216,DC_Draino,52.0,298996.0,NaN,NaN,NaN,NaN,NaN,NaN,NaN,NaN
632,632,878284831,OccupyDemocrats,125.0,51507.0,NaN,NaN,NaN,NaN,NaN,NaN,NaN,NaN
633,633,878301356532146176,Providr,NaN,NaN,https://www.twitter.com/providr,TWITTER,providr.com,N,59.5,US,en,199.0
634,634,878361393312956416,GeopoliticaEcon,NaN,NaN,https://twitter.com/GeopoliticaEcon,TWITTER,geopoliticaleconomy.com,N,17.5,US,en,39487.0
635,635,883382034638540803,freetelegraph,NaN,NaN,https://twitter.com/freetelegraph,TWITTER,freetelegraph.com,N,39.5,US,en,33219.0
636,636,889344030781452290,CovertActionMag,NaN,NaN,https://twitter.com/CovertActionMag,TWITTER,covertactionmagazine.com,N,25.0,US,en,15269.0
637,637,890966759485788160,ConDailyPost,NaN,NaN,https://twitter.com/ConDailyPost/,TWITTER,conservativedailypost.com,N,5.0,US,en,687.0
638,638,893872174867656706,PoliticalDig,NaN,NaN,https://twitter.com/PoliticalDig,TWITTER,politicaldig.com,N,39.5,US,en,408.0
639,639,89485180,fpmag,NaN,NaN,https://twitter.com/fpmag,TWITTER,frontpagemag.com,N,30.0,US,en,11676.0
640,640,898759943393816576,MyDCPatriot,NaN,NaN,https://x.com/MyDCPatriot?s=20,TWITTER,thedcpatriot.com,N,0.0,US,en,46528.0
641,641,898759943393816576,americafirstmg,31.0,4124.0,NaN,NaN,NaN,NaN,NaN,NaN,NaN,NaN
642,642,900346289044414464,republic_glitz,35.0,15174.0,NaN,NaN,NaN,NaN,NaN,NaN,NaN,NaN
643,643,902178672626593793,TommyPigott,41.0,6577.0,NaN,NaN,NaN,NaN,NaN,NaN,NaN,NaN
644,644,905092134,dailyhealthpost,NaN,NaN,https://twitter.com/dailyhealthpost,TWITTER,dailyhealthpost.com,N,20.0,US,en,9353.0
645,645,905153319253004288,groth1945,34.0,2543.0,NaN,NaN,NaN,NaN,NaN,NaN,NaN,NaN
646,646,905473078070738947,Eunhae0404_1510,57.0,9691.0,NaN,NaN,NaN,NaN,NaN,NaN,NaN,NaN
647,647,908716191614738432,maineexaminer,NaN,NaN,https://twitter.com/maineexaminer,TWITTER,maineexaminer.com,N,47.0,US,en,45.0
648,648,910321692995600385,soonyunqi,31.0,2902.0,NaN,NaN,NaN,NaN,NaN,NaN,NaN,NaN
649,649,911279861229948933,NVSenateUpdates,NaN,NaN,https://twitter.com/NVSenateUpdates/,TWITTER,nevadasenateupdates.com,N,37.0,US,en,169.0
650,650,91202632,ukcolumn,39.0,5477.0,NaN,NaN,NaN,NaN,NaN,NaN,NaN,NaN
651,651,912743253828624384,thetechstartups,NaN,NaN,https://twitter.com/thetechstartups,TWITTER,techstartups.com,N,44.5,US,en,814.0
652,652,91552706,20minut_zh,NaN,NaN,https://x.com/20minut_zh?s=20,TWITTER,zt.20minut.ua,N,55.0,US,en,304.0
653,653,91583544,NickAdamsinUSA,NaN,NaN,https://twitter.com/nickadamsinusa,TWITTER,nickadamsusa.com,N,44.5,US,en,547210.0
654,654,917259934940704768,humanrights_ir,NaN,NaN,https://twitter.com/humanrights_ir,TWITTER,humanrights.eadl.ir,N,15.0,US,en,291.0
655,655,91726226,SMObserved,NaN,NaN,https://twitter.com/smobserved,TWITTER,smobserved.com,N,37.0,US,en,1702.0
656,656,91882544,DineshDSouza,59.0,53487.0,NaN,NaN,NaN,NaN,NaN,NaN,NaN,NaN
657,657,923598564206530560,RPLibertyReport,NaN,NaN,https://x.com/RPLibertyReport?s=20,TWITTER,ronpaullibertyreport.com,N,35.0,US,en,3228.0
658,658,926729971858595841,TWPundit,NaN,NaN,https://www.twitter.com/twpundit,TWITTER,thewashingtonpundit.com,N,37.5,US,en,34184.0
659,659,928095381203881985,2ADaily,NaN,NaN,https://twitter.com/2ADaily,TWITTER,secondamendmentdaily.com,N,12.5,US,en,135.0
660,660,934399189,Ruptly,NaN,NaN,https://twitter.com/Ruptly,TWITTER,ruptly.tv,N,12.5,US,en,112065.0
661,661,935942321756966912,RealAmVoice,62.0,25013.0,https://twitter.com/RealAmVoice,TWITTER,americasvoice.news,N,25.0,US,en,245123.0
662,662,937799852276064256,patriot_raging,NaN,NaN,https://twitter.com/patriot_raging,TWITTER,americanpatriot.news,N,57.0,US,en,77.0
663,663,938687642,NewAgeBDcom,NaN,NaN,https://twitter.com/NewAgeBDcom,TWITTER,newagebd.net,N,35.0,US,en,103742.0
664,664,94120026,naoyafujiwara,65.0,14886.0,NaN,NaN,NaN,NaN,NaN,NaN,NaN,NaN
665,665,943170877071470592,statesnewsroom,NaN,NaN,https://twitter.com/statesnewsroom,TWITTER,newsfromthestates.com,N,57.0,US,en,16420.0
666,666,94784682,JonathanTurley,56.0,34102.0,NaN,NaN,NaN,NaN,NaN,NaN,NaN,NaN
667,667,95092020,jordanbpeterson,32.0,15806.0,NaN,NaN,NaN,NaN,NaN,NaN,NaN,NaN
668,668,952364011,ancientorigins,55.0,14326.0,NaN,NaN,NaN,NaN,NaN,NaN,NaN,NaN
669,669,954124423,AmyMek,92.0,88747.0,NaN,NaN,NaN,NaN,NaN,NaN,NaN,NaN
670,670,960441026656776192,curiousmindmag,NaN,NaN,https://twitter.com/curiousmindmag,TWITTER,curiousmindmagazine.com,N,17.5,US,en,152.0
671,671,961134787,TheRealKeean,114.0,83436.0,NaN,NaN,NaN,NaN,NaN,NaN,NaN,NaN
672,672,967729215721402368,PlanetTodayNews,NaN,NaN,https://x.com/PlanetTodayNews?s=20,TWITTER,planet-today.com,N,12.5,US,en,281.0
673,673,96906231,thevivafrei,39.0,12823.0,NaN,NaN,NaN,NaN,NaN,NaN,NaN,NaN
674,674,969664911046426624,MorigeauJanine,38.0,5839.0,NaN,NaN,NaN,NaN,NaN,NaN,NaN,NaN
675,675,970842528541896704,GF_Saihate,68.0,39526.0,NaN,NaN,NaN,NaN,NaN,NaN,NaN,NaN
676,676,976564489,conserveangle,NaN,NaN,https://twitter.com/conserveangle,TWITTER,conservativeangle.com,N,7.5,US,en,628.0
677,677,977235875703803904,TheRightNewsNow,NaN,NaN,https://x.com/TheRightNewsNow?s=20,TWITTER,rightnewsnow.org,N,44.5,US,en,2132.0
678,678,986339862453288961,dctribune,NaN,NaN,https://twitter.com/dctribune,TWITTER,dctribune.org,N,32.0,US,en,45.0
679,679,9890492,peta,NaN,NaN,https://www.twitter.com/peta,TWITTER,peta.org,N,57.0,US,en,1070713.0
681,681,990824828260110336,ppai201003,56.0,8855.0,NaN,NaN,NaN,NaN,NaN,NaN,NaN,NaN
682,682,990922883420614657,dailysoundnfury,NaN,NaN,https://twitter.com/dailysoundnfury,TWITTER,dailysoundandfury.com,N,49.5,US,en,7598.0
683,683,992121772450484224,TheMODownload,NaN,NaN,https://twitter.com/TheMODownload,TWITTER,missouridownload.com,N,47.0,US,en,12.0
